Date,Open,High,Low,Close,Volume
2013-04-16,5.35,5.35,5.35,5.35,104.0
2013-04-17,5.6,5.6,5.6,5.6,58.0
2013-04-18,5.85,5.85,5.85,5.85,437.0
2013-04-22,6.1,6.1,6.1,6.1,264.0
2013-04-23,6.4,6.4,6.4,6.4,1438.0
2013-04-25,6.7,6.7,6.7,6.7,50.0
2013-04-26,7.0,7.0,7.0,7.0,38.0
2013-04-29,7.35,7.35,7.35,7.35,11.0
2013-04-30,7.7,7.7,7.7,7.7,75.0
2013-05-02,8.45,8.45,8.45,8.45,133.0
2013-05-03,9.25,9.25,9.25,9.25,85.0
2013-05-06,10.15,10.15,10.15,10.15,6522.0
2013-05-07,10.65,10.65,10.65,10.65,70.0
2013-05-08,11.15,11.15,10.5,10.65,40563.0
2013-05-09,10.25,10.9,10.15,10.35,6398.0
2013-05-10,10.85,10.85,9.95,10.35,8475.0
2013-05-11,9.9,9.9,9.85,9.85,92.0
2013-05-13,9.5,10.25,9.4,9.4,1719.0
2013-05-14,9.1,9.1,8.95,8.95,920.0
2013-05-15,8.55,9.35,8.55,9.35,293.0
2013-05-16,9.0,9.75,9.0,9.55,1743.0
2013-05-17,9.55,9.55,9.25,9.55,4236.0
2013-05-20,9.25,10.0,9.25,9.75,33370.0
2013-05-21,9.3,9.95,9.3,9.6,3281.0
2013-05-22,10.0,10.0,9.5,10.0,1243.0
2013-05-23,10.0,10.0,9.6,9.6,2873.0
2013-05-24,9.2,10.0,9.2,10.0,4843.0
2013-05-27,10.0,10.0,10.0,10.0,500.0
2013-05-28,10.0,10.0,9.5,9.5,1361.0
2013-05-29,9.1,9.95,9.05,9.95,6280.0
2013-05-30,9.5,9.95,9.5,9.9,975.0
2013-05-31,9.45,9.5,9.45,9.45,1401.0
2013-06-03,9.45,9.9,9.0,9.85,234.0
2013-06-04,9.4,9.95,9.4,9.95,1277.0
2013-06-05,9.5,10.0,9.5,9.9,3450.0
2013-06-06,9.5,9.9,9.5,9.9,1910.0
2013-06-07,9.45,9.95,9.45,9.45,1150.0
2013-06-10,9.45,9.9,9.45,9.9,1825.0
2013-06-11,9.45,9.45,9.45,9.45,100.0
2013-06-12,9.3,9.5,9.0,9.5,27175.0
2013-06-13,9.05,9.05,9.05,9.05,74.0
2013-06-14,9.0,9.4,8.6,9.4,4829.0
2013-06-17,9.5,9.5,9.5,9.5,2920.0
2013-06-18,9.4,9.4,9.4,9.4,50.0
2013-06-19,9.45,9.45,8.95,9.45,2651.0
2013-06-20,9.5,9.5,9.0,9.0,499.0
2013-06-24,8.6,8.6,8.6,8.6,180.0
2013-06-25,9.0,9.0,8.2,8.2,1050.0
2013-06-26,8.2,8.2,8.2,8.2,230.0
2013-06-27,8.2,8.2,7.8,7.8,552.0
2013-06-28,7.45,7.8,7.45,7.8,1101.0
2013-07-02,7.8,7.8,7.8,7.8,25.0
2013-07-03,7.8,7.85,7.8,7.85,29.0
2013-07-05,7.55,7.55,7.55,7.55,1028.0
2013-07-08,7.6,7.6,7.25,7.5,184.0
2013-07-09,7.5,7.5,7.5,7.5,412.0
2013-07-11,7.15,7.85,7.15,7.85,554.0
2013-07-12,8.2,8.2,8.2,8.2,105.0
2013-07-15,8.2,8.2,8.2,8.2,387.0
2013-07-16,8.5,8.6,7.8,7.8,80.0
2013-07-17,7.5,7.5,7.5,7.5,75.0
2013-07-18,7.5,7.85,7.5,7.85,131.0
2013-07-19,7.8,7.8,7.8,7.8,112.0
2013-07-22,7.85,7.85,7.45,7.45,561.0
2013-07-23,7.5,7.8,7.5,7.6,56.0
2013-07-24,7.5,7.5,7.25,7.3,466.0
2013-07-25,7.3,7.5,7.3,7.3,71.0
2013-07-26,7.0,7.0,6.95,6.95,408.0
2013-07-29,6.95,6.95,6.95,6.95,433.0
2013-07-31,7.25,7.25,7.0,7.0,727.0
2013-08-02,6.7,7.35,6.7,7.0,337.0
2013-08-08,7.0,7.0,7.0,7.0,525.0
2013-08-12,7.0,7.0,7.0,7.0,1475.0
2013-08-13,6.65,7.35,6.65,6.7,8840.0
2013-08-14,7.0,7.0,7.0,7.0,9025.0
2013-08-16,7.0,7.35,7.0,7.1,2117.0
2013-08-19,7.0,7.1,7.0,7.1,794.0
2013-08-20,7.0,7.4,7.0,7.4,1388.0
2013-08-21,7.1,7.4,7.05,7.25,3645.0
2013-08-22,7.2,7.25,7.0,7.25,1130.0
2013-08-23,7.6,7.6,7.05,7.05,75.0
2013-08-26,6.7,7.4,6.7,7.4,4187.0
2013-08-27,7.5,7.7,7.05,7.05,732.0
2013-08-28,7.0,7.4,7.0,7.4,257.0
2013-08-29,7.1,7.55,7.1,7.5,655.0
2013-08-30,7.5,7.5,7.5,7.5,400.0
2013-09-02,7.15,7.85,7.15,7.85,1486.0
2013-09-03,8.0,8.2,7.5,7.55,4917.0
2013-09-04,7.85,7.85,7.85,7.85,1000.0
2013-09-05,7.9,8.2,7.5,8.2,988.0
2013-09-06,7.45,8.6,7.45,8.6,1676.0
2013-09-10,9.0,9.4,8.0,8.25,2759.0
2013-09-11,8.0,9.05,8.0,9.05,1377.0
2013-09-13,9.4,9.4,8.5,8.65,1212.0
2013-09-16,8.0,9.25,8.0,9.25,74.0
2013-09-17,10.0,10.0,9.0,9.0,600.0
2013-09-18,8.25,9.0,8.2,8.85,518.0
2013-09-19,8.15,9.5,8.15,9.2,836.0
2013-09-20,8.8,9.5,8.8,8.8,126.0
2013-09-23,9.45,9.45,8.25,8.25,3019.0
2013-09-24,8.15,8.75,8.15,8.75,949.0
2013-09-25,8.15,9.0,8.1,8.3,736.0
2013-09-26,8.15,9.1,8.15,8.45,4920.0
2013-09-27,8.25,9.1,8.25,8.5,16713.0
2013-09-30,8.55,8.55,8.55,8.55,112.0
2013-10-01,8.2,8.3,8.2,8.3,275.0
2013-10-03,8.35,8.95,8.35,8.95,528.0
2013-10-04,9.7,9.8,8.2,8.55,21527.0
2013-10-07,8.05,9.1,8.05,9.1,940.0
2013-10-08,8.3,8.4,8.3,8.4,1271.0
2013-10-09,7.8,9.0,7.8,8.1,10013.0
2013-10-10,8.05,8.1,8.0,8.1,1404.0
2013-10-11,8.9,8.9,7.8,8.1,2339.0
2013-10-14,8.1,8.9,8.1,8.9,2110.0
2013-10-18,9.0,9.0,8.2,8.2,1525.0
2013-10-21,8.2,8.2,7.4,7.4,245.0
2013-10-22,8.1,8.1,8.1,8.1,250.0
2013-10-23,7.55,8.15,7.55,8.15,63.0
2013-10-24,7.5,8.1,7.5,8.1,299.0
2013-10-28,7.35,7.35,7.35,7.35,22.0
2013-10-30,7.5,8.05,7.5,8.05,49.0
2013-11-01,8.85,8.85,8.85,8.85,1.0
2013-11-06,8.0,9.45,8.0,9.45,86.0
2013-11-08,10.15,10.15,8.55,9.9,502.0
2013-11-11,8.95,8.95,8.95,8.95,500.0
2013-11-14,8.95,8.95,8.1,8.1,396.0
2013-11-18,8.1,8.55,7.45,7.5,1998.0
2013-11-19,7.5,7.5,7.15,7.15,320.0
2013-11-20,7.5,7.5,7.5,7.5,250.0
2013-11-25,7.5,7.55,7.5,7.55,187.0
2013-11-27,7.5,7.5,7.5,7.5,1000.0
2013-11-28,7.5,7.5,7.5,7.5,150.0
2013-12-02,7.2,7.75,7.2,7.75,200.0
2013-12-04,7.7,7.7,7.7,7.7,65.0
2013-12-05,7.4,8.0,7.4,8.0,2050.0
2013-12-24,8.25,8.25,7.6,7.6,1731.0
2013-12-26,7.65,7.8,7.3,7.3,300.0
2013-12-27,7.65,7.65,6.95,7.0,1191.0
2013-12-30,7.0,7.0,7.0,7.0,250.0
2013-12-31,7.0,7.0,7.0,7.0,75.0
2014-01-01,7.0,7.0,7.0,7.0,51.0
2014-01-02,7.0,7.0,7.0,7.0,13.0
2014-01-03,7.0,7.0,7.0,7.0,25.0
2014-01-06,6.65,7.35,6.65,7.35,106.0
2014-01-07,7.7,7.7,7.7,7.7,100.0
2014-01-08,7.8,8.05,7.75,8.05,1225.0
2014-01-09,7.75,7.75,7.65,7.65,55100.0
2014-01-10,7.3,7.35,7.3,7.3,15307.0
2014-01-13,7.3,7.65,6.95,6.95,2955.0
2014-01-14,6.65,6.65,6.65,6.65,3215.0
2014-01-15,6.35,6.9,6.35,6.35,60503.0
2014-01-16,6.05,6.05,6.05,6.05,2775.0
2014-01-17,5.75,5.75,5.75,5.75,4550.0
2014-01-20,6.0,6.0,6.0,6.0,1000.0
2014-01-21,6.0,6.0,5.8,5.85,1456.0
2014-01-22,5.8,6.1,5.6,5.6,12774.0
2014-01-23,5.35,5.35,5.35,5.35,12903.0
2014-01-24,5.1,5.6,5.1,5.6,2531.0
2014-01-27,5.35,5.35,5.35,5.35,13457.0
2014-01-28,5.45,5.45,5.1,5.1,3333.0
2014-01-29,5.3,5.35,5.0,5.3,3676.0
2014-01-30,5.55,5.55,5.05,5.05,40395.0
2014-01-31,4.8,4.8,4.8,4.8,17110.0
2014-02-03,5.0,5.0,4.65,5.0,5769.0
2014-02-04,4.75,4.75,4.75,4.75,4310.0
2014-02-05,4.55,4.95,4.55,4.95,3172.0
2014-02-06,5.1,5.15,4.75,4.75,4730.0
2014-02-07,4.55,4.95,4.55,4.95,4517.0
2014-02-10,5.15,5.15,4.75,5.15,2729.0
2014-02-11,5.0,5.35,5.0,5.35,1137.0
2014-02-12,5.1,5.1,5.1,5.1,25017.0
2014-02-13,5.1,5.1,4.85,4.85,4898.0
2014-02-14,4.8,5.05,4.65,5.05,2361.0
2014-02-17,5.25,5.25,4.8,4.8,3046.0
2014-02-18,4.6,4.6,4.6,4.6,1512.0
2014-02-19,4.8,4.8,4.4,4.7,4483.0
2014-02-20,4.55,4.9,4.5,4.5,45712.0
2014-02-21,4.3,4.7,4.3,4.3,63150.0
2014-02-24,4.3,4.45,4.1,4.1,14012.0
2014-02-25,4.25,4.25,3.9,3.9,17049.0
2014-02-26,4.0,4.05,3.75,3.95,4100.0
2014-02-28,3.95,4.1,3.8,3.85,1155.0
2014-03-03,4.0,4.0,4.0,4.0,350.0
2014-03-04,4.0,4.2,4.0,4.2,2145.0
2014-03-05,4.2,4.4,4.1,4.4,1444.0
2014-03-06,4.25,4.5,4.2,4.2,3593.0
2014-03-07,4.0,4.0,4.0,4.0,1631.0
2014-03-10,4.0,4.2,3.95,3.95,1701.0
2014-03-11,3.95,3.95,3.8,3.8,88590.0
2014-03-12,3.65,3.95,3.65,3.65,7629.0
2014-03-13,3.65,3.8,3.5,3.8,1622.0
2014-03-14,3.9,3.9,3.65,3.65,2424.0
2014-03-18,3.65,3.65,3.65,3.65,137.0
2014-03-19,3.5,3.5,3.5,3.5,872.0
2014-03-20,3.35,3.35,3.35,3.35,2125.0
2014-03-21,3.25,3.5,3.25,3.5,5799.0
2014-03-22,3.45,3.45,3.45,3.45,287.0
2014-03-24,3.5,3.6,3.5,3.6,1676.0
2014-03-25,3.75,3.75,3.45,3.5,128095.0
2014-03-26,3.6,3.65,3.6,3.65,7300.0
2014-03-27,3.8,3.8,3.8,3.8,6437.0
2014-03-28,3.95,3.95,3.95,3.95,603.0
2014-03-31,4.1,4.1,4.1,4.1,513.0
2014-04-01,4.3,4.3,4.3,4.3,1006.0
2014-04-02,4.5,4.5,4.5,4.5,1820.0
2014-04-03,4.7,4.7,4.7,4.7,262.0
2014-04-04,4.9,4.9,4.9,4.9,41.0
2014-04-07,5.1,5.1,5.1,5.1,1752.0
2014-04-09,5.35,5.35,5.35,5.35,2498.0
2014-04-10,5.6,5.6,5.6,5.6,4785.0
2014-04-11,5.85,5.85,5.85,5.85,1161.0
2014-04-15,6.1,6.1,5.85,6.1,1560.0
2014-04-16,6.4,6.4,6.4,6.4,792.0
2014-04-17,6.7,6.7,6.7,6.7,16633.0
2014-04-21,7.0,7.0,7.0,7.0,1279.0
2014-04-22,7.35,7.35,7.35,7.35,2552.0
2014-04-23,7.7,7.7,7.7,7.7,325.0
2014-04-25,8.05,8.05,7.35,7.7,20261.0
2014-04-28,7.5,8.05,7.35,8.05,4090.0
2014-04-29,8.45,8.45,7.65,8.4,7237.0
2014-04-30,8.05,8.4,8.0,8.0,8828.0
2014-05-02,8.4,8.4,8.0,8.4,4430.0
2014-05-05,8.0,8.75,8.0,8.0,7025.0
2014-05-06,7.6,8.2,7.6,8.0,5953.0
2014-05-07,8.0,8.2,7.6,8.0,850.0
2014-05-08,8.0,8.0,7.6,7.8,1170.0
2014-05-09,7.6,8.0,7.5,7.5,3513.0
2014-05-12,7.4,7.85,7.25,7.25,6415.0
2014-05-13,7.4,7.4,7.3,7.3,2368.0
2014-05-14,6.95,7.65,6.95,7.05,2327.0
2014-05-15,7.4,7.4,7.0,7.25,1794.0
2014-05-16,7.6,7.6,7.0,7.0,1041.0
2014-05-19,7.0,7.0,6.7,7.0,1940.0
2014-05-20,6.65,7.35,6.65,7.25,2110.0
2014-05-21,7.2,7.6,7.2,7.6,3503.0
2014-05-22,7.6,7.95,7.6,7.95,1090.0
2014-05-23,8.3,8.3,8.0,8.3,3787.0
2014-05-26,8.7,8.7,8.0,8.5,13791.0
2014-05-27,8.25,8.5,8.1,8.4,6612.0
2014-05-28,8.4,8.4,8.0,8.05,1025.0
2014-05-29,8.45,8.45,8.45,8.45,540.0
2014-05-30,8.85,8.85,8.1,8.3,22570.0
2014-06-02,8.4,8.7,8.2,8.6,4443.0
2014-06-03,8.25,8.3,8.25,8.3,242.0
2014-06-04,8.5,8.7,8.0,8.7,45964.0
2014-06-05,9.0,9.1,8.55,8.8,1684.0
2014-06-06,8.75,9.05,8.55,9.0,1035.0
2014-06-09,9.0,9.45,9.0,9.2,6320.0
2014-06-10,9.2,9.65,9.0,9.65,3024.0
2014-06-11,10.1,10.1,10.1,10.1,1780.0
2014-06-12,10.6,10.6,10.6,10.6,2164.0
2014-06-13,11.1,11.1,11.1,11.1,1704.0
2014-06-16,11.65,11.65,11.4,11.65,18471.0
2014-06-17,12.2,12.2,12.2,12.2,956.0
2014-06-18,12.8,12.8,12.8,12.8,1590.0
2014-06-19,13.4,13.4,12.8,13.4,21081.0
2014-06-20,14.05,14.05,14.05,14.05,2300.0
2014-06-23,14.75,14.75,14.75,14.75,358.0
2014-06-24,15.45,15.45,15.45,15.45,3289.0
2014-06-25,16.2,16.2,16.2,16.2,537.0
2014-06-26,17.0,17.0,17.0,17.0,1168.0
2014-06-27,17.85,17.85,16.15,16.95,69825.0
2014-06-30,16.95,17.75,16.15,17.75,15218.0
2014-07-01,18.6,18.6,16.9,18.6,12256.0
2014-07-02,19.45,19.5,19.45,19.5,2107.0
2014-07-03,20.45,20.45,20.45,20.45,8508.0
2014-07-04,21.45,21.45,21.0,21.45,15376.0
2014-07-07,22.5,22.5,22.1,22.5,21368.0
2014-07-08,22.8,23.6,21.4,21.4,15092.0
2014-07-09,20.35,20.35,20.35,20.35,7601.0
2014-07-10,19.35,21.35,19.35,19.45,10992.0
2014-07-11,18.5,20.3,18.5,19.55,6655.0
2014-07-14,18.65,18.75,18.6,18.6,14841.0
2014-07-15,17.85,18.5,17.7,18.0,14516.0
2014-07-16,18.0,18.0,17.1,17.5,8798.0
2014-07-17,16.9,17.6,16.9,17.55,5550.0
2014-07-18,17.5,18.4,17.3,17.7,1894.0
2014-07-21,18.55,18.55,18.35,18.5,2817.0
2014-07-22,19.4,19.4,19.4,19.4,1828.0
2014-07-23,20.35,20.35,18.55,20.35,59757.0
2014-07-24,21.3,21.35,19.35,20.9,7786.0
2014-07-25,20.9,20.9,19.9,20.65,3215.0
2014-07-28,20.65,20.65,19.65,19.65,4950.0
2014-07-30,18.85,19.65,18.7,19.5,3985.0
2014-07-31,19.1,19.75,18.6,18.75,2800.0
2014-08-01,18.7,18.75,18.7,18.75,300.0
2014-08-04,18.9,19.65,18.9,19.65,2593.0
2014-08-05,18.7,19.7,18.7,19.45,705.0
2014-08-06,18.6,18.9,18.5,18.5,2925.0
2014-08-07,17.6,18.9,17.6,18.5,3528.0
2014-08-08,18.5,18.9,17.6,17.6,3183.0
2014-08-11,17.0,18.2,16.75,17.95,5488.0
2014-08-12,17.95,17.95,17.1,17.25,875.0
2014-08-13,17.1,17.1,16.4,16.4,3180.0
2014-08-14,16.25,16.3,15.6,16.3,5413.0
2014-08-18,15.55,17.1,15.55,16.05,1377.0
2014-08-19,16.85,16.85,15.35,16.85,8356.0
2014-08-20,16.05,17.65,16.05,17.0,8940.0
2014-08-21,16.5,17.85,16.5,17.6,2497.0
2014-08-22,17.85,18.45,17.45,18.35,2733.0
2014-08-25,18.25,18.55,17.8,18.5,5030.0
2014-08-26,18.5,19.4,17.7,18.25,6637.0
2014-08-27,17.5,18.35,17.5,17.55,662.0
2014-08-28,16.8,17.0,16.8,16.85,937.0
2014-09-01,16.7,17.65,16.7,17.65,3275.0
2014-09-02,17.9,18.25,17.05,18.0,13340.0
2014-09-03,17.15,18.25,17.15,17.2,2640.0
2014-09-04,18.05,18.05,16.5,16.6,1135.0
2014-09-05,16.3,17.4,16.25,16.45,6090.0
2014-09-08,16.0,17.15,16.0,17.15,3205.0
2014-09-09,16.7,17.55,16.65,17.35,2960.0
2014-09-10,18.2,18.2,17.2,17.9,2785.0
2014-09-11,18.75,18.75,17.05,18.0,16093.0
2014-09-12,18.5,18.5,17.55,17.7,2617.0
2014-09-15,17.3,18.4,17.3,17.8,3165.0
2014-09-16,17.15,18.4,17.05,17.05,5756.0
2014-09-17,17.5,17.9,17.5,17.5,3050.0
2014-09-18,17.5,18.3,17.1,17.3,3579.0
2014-09-19,17.3,17.3,16.5,17.0,7412.0
2014-09-22,17.6,17.6,17.0,17.4,11913.0
2014-09-23,17.05,17.45,17.0,17.05,848.0
2014-09-24,17.0,17.2,17.0,17.0,12201.0
2014-09-25,17.0,17.4,17.0,17.0,12762.0
2014-09-26,17.0,17.7,16.5,16.55,4940.0
2014-09-29,16.55,17.3,16.55,17.05,2597.0
2014-09-30,17.0,17.5,17.0,17.1,480.0
2014-10-01,17.1,17.5,17.1,17.1,1203.0
2014-10-07,17.95,17.95,17.15,17.95,25860.0
2014-10-08,18.5,19.7,18.5,19.5,22609.0
2014-10-09,20.95,21.25,19.5,20.7,8934.0
2014-10-10,21.25,21.5,20.0,20.0,17950.0
2014-10-13,20.0,21.25,20.0,20.0,29853.0
2014-10-14,21.0,21.0,20.0,20.05,18948.0
2014-10-16,20.0,20.7,20.0,20.0,10668.0
2014-10-17,20.0,20.85,20.0,20.0,14463.0
2014-10-20,20.0,20.45,19.15,20.0,18304.0
2014-10-21,20.4,20.4,19.5,19.9,1425.0
2014-10-22,20.0,21.0,18.6,19.95,6853.0
2014-10-23,20.9,21.0,20.0,20.05,15852.0
2014-10-27,20.0,20.75,20.0,20.0,4994.0
2014-10-28,20.0,20.2,19.65,20.2,4610.0
2014-10-29,21.35,21.35,19.55,20.2,1450.0
2014-10-30,20.05,21.0,20.05,21.0,13987.0
2014-10-31,21.0,21.4,20.6,21.35,15431.0
2014-11-03,21.5,21.5,20.8,21.1,7911.0
2014-11-05,21.0,22.3,20.55,20.75,16616.0
2014-11-07,20.75,21.9,19.5,21.85,14509.0
2014-11-10,21.05,22.95,21.05,22.8,2913.0
2014-11-11,23.0,23.8,21.35,22.6,3411.0
2014-11-12,23.45,26.5,23.45,25.1,57811.0
2014-11-13,26.95,30.1,26.0,30.1,37056.0
2014-11-14,34.1,36.1,30.5,34.1,90932.0
2014-11-17,33.0,35.0,31.3,31.95,13982.0
2014-11-18,30.3,33.0,30.0,31.25,8134.0
2014-11-19,31.3,32.5,28.7,29.05,13434.0
2014-11-20,29.0,29.5,27.0,27.8,14021.0
2014-11-21,27.5,27.5,25.2,25.7,24747.0
2014-11-24,26.65,26.95,26.0,26.95,2693.0
2014-11-25,28.0,28.25,27.6,28.2,8965.0
2014-11-26,28.95,29.6,28.0,29.1,4130.0
2014-11-27,28.15,29.4,28.15,28.95,1870.0
2014-11-28,29.5,29.8,28.4,29.0,2097.0
2014-12-01,28.0,30.3,28.0,29.0,5435.0
2014-12-02,30.0,30.45,29.3,30.35,7574.0
2014-12-03,30.5,31.85,30.1,30.65,8218.0
2014-12-04,31.0,31.5,30.0,30.35,2410.0
2014-12-05,29.15,30.95,29.15,30.0,3307.0
2014-12-08,31.0,31.0,28.75,30.3,5379.0
2014-12-09,30.95,31.0,30.0,30.45,8925.0
2014-12-10,30.1,31.0,30.0,30.0,5464.0
2014-12-11,30.05,30.9,30.0,30.35,3889.0
2014-12-12,31.3,31.4,30.0,30.15,1472.0
2014-12-15,30.0,30.5,30.0,30.1,6710.0
2014-12-16,30.05,31.6,28.8,31.05,463487.0
2014-12-17,31.0,32.0,30.0,31.45,23093.0
2014-12-18,30.55,33.0,30.55,32.85,23689.0
2014-12-19,34.0,34.45,32.65,34.45,13842.0
2014-12-22,34.5,36.15,34.5,36.15,10592.0
2014-12-23,37.95,37.95,37.95,37.95,9953.0
2014-12-24,39.8,39.8,38.1,39.8,33472.0
2014-12-26,41.75,41.75,40.0,41.75,33172.0
2014-12-29,42.5,43.8,42.5,43.8,18632.0
2014-12-30,45.95,45.95,41.65,42.7,47803.0
2014-12-31,44.0,44.45,42.1,43.35,8410.0
2015-01-01,43.65,43.65,41.35,42.4,7652.0
2015-01-02,42.0,43.0,41.95,43.0,26028.0
2015-01-05,41.1,43.25,41.0,42.65,6112.0
2015-01-06,43.5,43.5,40.55,40.55,5637.0
2015-01-07,39.05,40.8,38.55,39.05,15499.0
2015-01-08,39.0,41.0,39.0,40.35,10091.0
2015-01-09,39.05,41.9,39.05,40.25,3725.0
2015-01-12,40.0,41.0,39.6,39.8,23148.0
2015-01-13,39.0,40.9,39.0,39.7,10369.0
2015-01-14,40.9,40.9,38.65,39.5,3002.0
2015-01-15,38.05,40.7,38.05,39.85,3127.0
2015-01-16,39.05,39.5,39.0,39.25,4181.0
2015-01-19,39.85,40.0,38.7,38.7,4352.0
2015-01-20,39.0,39.5,38.0,38.55,10118.0
2015-01-21,38.5,39.0,37.15,38.95,6631.0
2015-01-22,37.1,39.0,37.05,39.0,3809.0
2015-01-23,37.25,39.5,37.25,38.65,5863.0
2015-01-27,37.0,40.0,36.75,39.9,6410.0
2015-01-28,38.4,39.0,38.05,39.0,7725.0
2015-01-29,39.1,40.0,37.4,39.1,3488.0
2015-01-30,38.3,39.8,37.5,39.45,6835.0
2015-02-02,39.5,40.0,39.0,39.05,1050.0
2015-02-03,39.05,40.0,39.0,40.0,1909.0
2015-02-04,40.0,40.0,38.5,38.5,1900.0
2015-02-05,37.2,38.6,37.2,38.5,874.0
2015-02-06,38.2,38.2,36.65,36.75,425.0
2015-02-09,36.0,37.85,35.15,37.75,3852.0
2015-02-10,37.0,38.0,37.0,38.0,8869.0
2015-02-11,38.0,38.0,36.5,37.2,2550.0
2015-02-12,36.2,37.0,36.2,36.5,601.0
2015-02-13,38.0,38.0,36.5,37.35,2213.0
2015-02-16,36.15,39.0,36.15,38.0,2801.0
2015-02-18,36.1,38.5,36.1,37.45,816.0
2015-02-19,36.5,37.75,36.3,37.2,3333.0
2015-02-20,37.0,39.0,36.7,37.8,4103.0
2015-02-23,37.5,38.8,36.3,37.25,3637.0
2015-02-24,37.25,37.25,35.4,36.65,5467.0
2015-02-25,36.7,36.7,34.9,34.9,2635.0
2015-02-26,33.2,35.0,33.2,34.8,1890.0
2015-02-27,35.35,35.35,34.0,34.4,4123.0
2015-02-28,35.35,35.35,33.2,34.5,4185.0
2015-03-02,36.1,36.1,33.3,34.0,5142.0
2015-03-03,34.25,35.0,32.5,34.0,7174.0
2015-03-04,33.0,34.0,33.0,33.5,1368.0
2015-03-05,32.0,34.3,32.0,33.15,3631.0
2015-03-09,34.4,34.4,32.55,32.7,2234.0
2015-03-10,33.0,34.75,33.0,34.45,6430.0
2015-03-11,34.45,37.85,34.45,37.65,9046.0
2015-03-12,37.1,37.5,35.55,36.7,2053.0
2015-03-13,38.0,38.0,34.65,34.75,1434.0
2015-03-16,34.75,35.85,34.0,34.1,5801.0
2015-03-17,37.0,37.5,34.3,35.05,5054.0
2015-03-18,35.0,38.55,34.2,38.5,11573.0
2015-03-19,40.5,41.9,39.0,39.85,46414.0
2015-03-20,40.95,40.95,38.6,38.7,4722.0
2015-03-23,37.05,41.0,37.05,38.95,5767.0
2015-03-24,39.0,40.0,38.0,38.4,5109.0
2015-03-25,39.85,41.0,39.3,40.1,16992.0
2015-03-26,41.0,41.0,39.0,39.85,8133.0
2015-03-27,39.1,39.7,36.5,37.75,8366.0
2015-03-30,40.0,40.0,38.15,38.3,517.0
2015-03-31,40.9,42.0,38.0,40.95,39585.0
2015-04-01,40.0,40.5,40.0,40.05,2910.0
2015-04-06,38.0,41.0,38.0,40.3,22064.0
2015-04-07,41.7,41.7,40.3,40.95,6433.0
2015-04-08,41.5,41.5,39.25,40.0,1054.0
2015-04-09,38.4,41.0,37.75,38.7,25075.0
2015-04-10,39.0,41.0,38.65,40.65,13404.0
2015-04-13,40.0,40.85,38.5,39.95,17883.0
2015-04-15,40.0,40.0,39.0,39.25,3891.0
2015-04-16,39.0,39.9,39.0,39.25,2245.0
2015-04-17,39.3,40.7,38.65,39.0,5854.0
2015-04-20,38.25,38.5,37.75,38.0,4437.0
2015-04-21,37.5,38.5,36.25,37.7,9668.0
2015-04-22,37.0,38.1,37.0,38.0,1867.0
2015-04-23,37.8,38.0,37.0,37.25,3727.0
2015-04-24,36.15,38.5,32.3,33.55,28168.0
2015-04-27,32.0,35.9,31.0,34.3,3300.0
2015-04-28,33.4,36.0,33.4,34.35,3040.0
2015-04-29,34.15,34.15,33.0,33.2,1256.0
2015-04-30,33.05,35.35,33.0,35.0,407.0
2015-05-04,35.0,36.0,33.35,34.9,1607.0
2015-05-05,35.0,36.5,34.65,36.0,1250.0
2015-05-06,36.0,36.0,34.25,35.4,1454.0
2015-05-07,35.0,35.6,34.15,34.2,2864.0
2015-05-08,35.0,35.0,33.2,34.5,401.0
2015-05-11,33.5,34.4,33.5,33.6,1612.0
2015-05-12,34.5,35.0,33.5,35.0,2920.0
2015-05-13,33.9,34.8,33.6,34.1,1454.0
2015-05-14,33.6,34.5,33.6,34.5,2169.0
2015-05-15,33.6,34.6,33.5,34.3,2742.0
2015-05-18,33.65,36.5,33.65,34.85,656.0
2015-05-19,33.85,34.1,33.85,34.1,50.0
2015-05-20,33.8,34.0,33.5,33.5,3050.0
2015-05-21,33.85,33.85,33.5,33.5,230.0
2015-05-22,37.4,37.4,33.05,33.25,2611.0
2015-05-25,33.0,34.35,31.4,32.4,5775.0
2015-05-26,36.0,36.0,31.15,32.95,940.0
2015-05-27,32.25,33.9,32.25,33.1,226.0
2015-05-28,33.1,34.0,32.5,33.45,1691.0
2015-05-29,33.15,33.8,31.5,32.25,2718.0
2015-06-01,32.4,34.4,32.4,34.4,560.0
2015-06-02,32.0,33.4,31.25,33.0,293.0
2015-06-03,32.0,34.95,31.0,32.15,5085.0
2015-06-04,31.2,32.9,30.45,30.8,1875.0
2015-06-05,30.0,33.5,30.0,32.25,1037.0
2015-06-08,31.2,32.8,31.2,31.35,872.0
2015-06-09,31.5,31.5,30.5,30.7,2400.0
2015-06-10,30.5,30.75,30.5,30.65,1776.0
2015-06-11,32.9,32.9,29.0,29.05,4350.0
2015-06-12,28.05,33.9,28.05,32.35,19914.0
2015-06-15,32.5,32.5,30.5,31.9,1110.0
2015-06-16,30.3,38.25,30.25,36.25,36239.0
2015-06-17,38.0,42.0,38.0,40.2,59147.0
2015-06-18,40.75,48.2,39.7,40.2,25694.0
2015-06-19,40.0,42.4,35.55,36.65,15575.0
2015-06-22,36.0,39.0,36.0,38.75,11134.0
2015-06-23,38.0,39.0,36.25,38.3,14709.0
2015-06-24,37.0,39.5,36.1,38.85,19568.0
2015-06-25,38.0,40.4,38.0,39.5,37426.0
2015-06-26,38.6,40.2,38.15,39.05,7502.0
2015-06-29,38.0,38.0,35.75,36.35,6818.0
2015-06-30,36.1,37.8,36.1,36.2,1525.0
2015-07-01,36.6,40.95,36.3,38.95,4965.0
2015-07-02,38.05,41.2,38.05,39.9,18143.0
2015-07-03,40.5,40.5,38.7,38.8,1974.0
2015-07-06,38.8,41.8,36.7,38.9,880.0
2015-07-07,38.05,40.0,38.05,39.75,2745.0
2015-07-08,40.0,40.0,38.0,39.7,3868.0
2015-07-09,37.5,40.0,37.5,38.55,1144.0
2015-07-10,39.6,39.9,37.5,37.5,2478.0
2015-07-13,38.0,42.0,38.0,40.9,24984.0
2015-07-14,41.05,44.7,40.35,44.1,29640.0
2015-07-15,43.9,52.9,42.5,51.65,138219.0
2015-07-16,51.45,52.0,48.0,48.4,30845.0
2015-07-17,47.85,54.6,46.75,51.9,21967.0
2015-07-20,54.0,55.0,51.0,51.6,17356.0
2015-07-21,56.0,56.0,53.2,55.15,23049.0
2015-07-22,57.95,57.95,50.65,55.3,18054.0
2015-07-23,57.95,57.95,55.0,55.05,6312.0
2015-07-24,55.0,56.95,54.25,55.45,7748.0
2015-07-27,56.5,56.5,54.8,55.15,7467.0
2015-07-28,57.5,62.7,54.0,59.9,35541.0
2015-07-29,61.2,71.85,61.0,71.85,130171.0
2015-07-30,79.0,79.0,73.5,76.7,47905.0
2015-07-31,76.25,82.0,72.3,77.1,24111.0
2015-08-03,76.5,77.0,74.5,74.95,9013.0
2015-08-04,74.95,76.0,74.0,75.15,12341.0
2015-08-05,76.0,78.0,73.0,74.1,11770.0
2015-08-06,73.0,73.0,66.75,67.0,15884.0
2015-08-07,66.0,66.0,60.6,64.4,15416.0
2015-08-10,63.0,69.0,62.55,67.15,7852.0
2015-08-11,65.0,68.0,64.0,64.85,16016.0
2015-08-12,65.45,67.7,64.3,64.65,7248.0
2015-08-13,60.5,67.0,59.0,59.1,7227.0
2015-08-14,60.5,60.5,53.25,53.9,13569.0
2015-08-17,54.35,57.9,53.1,56.4,5534.0
2015-08-18,56.0,58.0,53.55,55.05,3705.0
2015-08-19,54.0,58.4,51.9,57.05,21139.0
2015-08-20,56.05,57.7,55.0,56.5,3397.0
2015-08-21,54.0,58.0,52.6,55.85,7139.0
2015-08-24,54.0,56.95,51.1,55.1,12841.0
2015-08-25,52.55,57.8,49.6,53.0,38555.0
2015-08-26,55.9,55.9,53.1,53.15,1457.0
2015-08-27,55.65,57.0,54.15,56.05,4163.0
2015-08-28,55.5,55.5,51.0,52.65,9301.0
2015-08-31,54.0,54.1,49.0,49.85,27666.0
2015-09-01,48.0,49.05,47.55,47.6,6508.0
2015-09-02,47.3,47.5,45.1,46.7,2530.0
2015-09-03,46.75,51.35,45.2,51.35,6939.0
2015-09-04,50.55,55.0,48.0,50.15,3800.0
2015-09-07,48.65,51.9,48.0,48.05,2003.0
2015-09-08,46.55,51.9,46.55,48.25,1179.0
2015-09-09,48.4,52.0,48.4,50.95,2177.0
2015-09-10,48.25,53.1,48.25,51.8,2052.0
2015-09-11,54.0,56.45,51.65,55.85,5175.0
2015-09-14,59.45,59.45,53.15,54.25,2190.0
2015-09-15,53.6,55.0,53.1,55.0,150.0
2015-09-16,53.4,59.6,52.1,58.55,4511.0
2015-09-18,58.0,59.0,56.0,58.0,3906.0
2015-09-21,58.0,62.75,58.0,62.0,9601.0
2015-09-22,62.3,64.0,60.0,60.55,3582.0
2015-09-23,57.05,62.85,57.05,60.8,1642.0
2015-09-24,61.0,61.0,58.5,58.5,2324.0
2015-09-28,57.05,63.0,56.2,61.7,6126.0
2015-09-29,57.5,62.75,57.5,61.5,191.0
2015-09-30,58.85,63.0,58.85,61.65,7625.0
2015-10-01,62.05,64.3,62.0,63.85,11454.0
2015-10-05,64.55,66.5,64.5,66.35,9964.0
2015-10-06,66.9,69.4,66.15,67.15,4253.0
2015-10-07,68.6,70.0,66.0,68.8,10828.0
2015-10-08,68.1,69.0,67.2,68.7,2679.0
2015-10-09,69.9,70.0,67.5,69.1,658.0
2015-10-12,68.95,69.0,68.0,68.3,874.0
2015-10-13,69.0,71.0,68.0,68.05,962.0
2015-10-14,69.55,70.5,69.0,69.0,663.0
2015-10-15,69.0,70.0,69.0,70.0,25260.0
2015-10-16,69.05,69.05,69.0,69.0,415.0
2015-10-19,69.0,72.0,69.0,70.2,2202.0
2015-10-20,72.7,72.9,69.0,69.85,4106.0
2015-10-21,70.05,71.9,69.5,70.3,4600.0
2015-10-23,69.45,71.5,69.0,69.0,1154.0
2015-10-26,68.0,69.8,66.1,68.0,1749.0
2015-10-27,67.25,68.05,67.05,68.0,1206.0
2015-10-28,71.5,75.3,71.5,73.2,12975.0
2015-10-29,70.2,75.3,70.2,73.75,2364.0
2015-10-30,74.0,74.2,71.55,71.85,3808.0
2015-11-02,74.9,77.4,69.0,74.0,3335.0
2015-11-03,74.7,75.05,70.7,74.85,2881.0
2015-11-04,73.05,74.85,72.2,72.9,934.0
2015-11-05,76.0,76.0,69.05,69.65,1940.0
2015-11-06,72.5,72.85,66.5,68.95,2310.0
2015-11-09,69.95,73.5,67.0,72.2,1169.0
2015-11-10,68.55,68.6,65.1,66.25,5238.0
2015-11-11,68.0,70.0,68.0,68.9,345.0
2015-11-13,69.95,70.0,65.45,67.45,629.0
2015-11-16,66.5,68.7,64.5,65.15,5078.0
2015-11-17,63.3,66.7,63.0,66.0,798.0
2015-11-18,65.5,66.0,65.0,65.25,2860.0
2015-11-19,65.0,65.0,61.2,63.5,2570.0
2015-11-20,64.25,76.2,64.0,75.3,112293.0
2015-11-23,76.0,79.45,73.0,73.4,6467.0
2015-11-24,73.0,73.9,69.5,70.3,681.0
2015-11-26,73.4,74.4,68.1,70.95,6866.0
2015-11-27,74.95,74.95,70.55,72.3,6606.0
2015-11-30,72.0,74.0,69.05,72.65,3671.0
2015-12-01,73.05,74.0,68.0,73.7,7892.0
2015-12-02,73.0,74.0,70.65,72.25,2845.0
2015-12-03,71.0,72.0,69.05,71.65,2675.0
2015-12-04,72.7,74.0,70.0,72.45,3798.0
2015-12-07,72.0,72.0,69.9,69.9,276.0
2015-12-08,69.5,70.0,68.4,68.55,2285.0
2015-12-09,68.0,70.5,67.5,69.45,2966.0
2015-12-10,73.0,77.8,69.5,70.0,6209.0
2015-12-11,69.5,70.95,68.55,69.5,2099.0
2015-12-14,68.05,69.8,68.0,68.3,2041.0
2015-12-15,68.2,68.2,65.25,66.5,6215.0
2015-12-16,68.4,68.95,67.75,67.85,950.0
2015-12-17,70.0,70.0,68.1,68.75,524.0
2015-12-18,69.7,70.0,68.85,68.95,2711.0
2015-12-21,69.5,70.0,69.0,70.0,3946.0
2015-12-22,69.95,70.0,68.6,68.85,8350.0
2015-12-23,69.0,69.5,67.5,67.55,4511.0
2015-12-24,67.0,68.0,67.0,67.7,327.0
2015-12-28,67.7,67.7,66.8,67.7,800.0
2015-12-29,65.4,69.0,65.05,68.75,1112.0
2015-12-30,66.1,68.5,64.6,65.1,9672.0
2015-12-31,66.4,66.4,64.25,65.0,6220.0
2016-01-01,65.0,65.0,62.55,64.95,2273.0
2016-01-04,64.0,66.0,64.0,64.9,3639.0
2016-01-05,66.8,67.8,65.55,67.25,1150.0
2016-01-06,65.7,69.5,65.7,68.95,4785.0
2016-01-07,65.0,72.0,64.1,68.95,6976.0
2016-01-08,69.75,69.8,68.0,68.0,2201.0
2016-01-11,65.05,70.0,65.05,69.7,4857.0
2016-01-12,69.6,69.6,68.0,68.0,1648.0
2016-01-13,70.0,70.0,64.0,65.0,3352.0
2016-01-14,62.25,64.25,62.1,63.85,2705.0
2016-01-15,63.0,66.9,62.15,63.25,3858.0
2016-01-18,60.1,60.5,59.5,60.1,1254.0
2016-01-19,60.0,60.5,58.0,58.55,1607.0
2016-01-20,55.0,57.95,52.65,57.55,2607.0
2016-01-21,58.2,59.5,56.55,59.5,451.0
2016-01-22,57.1,59.5,55.3,56.5,2538.0
2016-01-25,57.0,57.0,53.0,54.35,6856.0
2016-01-27,54.25,54.95,52.2,54.95,1001.0
2016-01-28,52.0,53.9,51.6,52.25,3015.0
2016-01-29,52.0,54.05,52.0,54.0,15388.0
2016-02-01,53.05,56.8,53.0,53.1,1480.0
2016-02-02,52.1,53.0,52.1,52.85,212.0
2016-02-03,51.55,53.45,50.1,52.95,4326.0
2016-02-04,51.0,52.85,50.75,51.2,2641.0
2016-02-05,51.0,53.0,50.2,50.95,296.0
2016-02-08,51.0,58.85,51.0,56.6,5108.0
2016-02-09,53.1,59.5,53.1,58.1,19324.0
2016-02-10,58.0,58.0,53.5,53.95,1994.0
2016-02-11,55.0,58.0,51.0,51.1,1477.0
2016-02-12,50.05,50.6,50.0,50.05,14245.0
2016-02-15,50.5,52.5,50.5,51.9,872.0
2016-02-16,51.5,52.0,49.5,49.5,5713.0
2016-02-17,47.0,50.0,47.0,48.0,5072.0
2016-02-18,50.0,52.0,49.0,49.05,9148.0
2016-02-19,49.0,49.0,47.55,47.55,110.0
2016-02-22,47.55,48.95,43.05,45.15,1365.0
2016-02-23,44.0,46.25,42.05,44.0,349.0
2016-02-24,44.2,44.2,38.3,39.65,5120.0
2016-02-25,39.15,39.3,39.1,39.1,322.0
2016-02-26,40.0,41.5,38.0,40.75,290.0
2016-02-29,41.5,43.2,41.5,41.5,112.0
2016-03-01,43.2,44.0,41.7,43.95,1278.0
2016-03-02,42.5,46.0,42.5,44.0,6899.0
2016-03-03,42.65,49.95,42.65,48.25,7817.0
2016-03-04,48.0,48.3,46.1,46.25,1267.0
2016-03-08,46.1,47.1,44.15,46.25,12681.0
2016-03-09,46.8,46.8,45.9,46.45,423.0
2016-03-10,44.0,46.4,42.35,44.65,2983.0
2016-03-11,47.0,47.0,42.0,45.0,13039.0
2016-03-14,45.5,48.5,45.5,46.25,6780.0
2016-03-15,43.55,46.0,43.55,46.0,276.0
2016-03-16,43.6,50.0,43.6,48.15,3600.0
2016-03-17,48.0,50.0,45.1,46.3,4031.0
2016-03-18,44.0,48.5,43.75,46.0,1185.0
2016-03-21,47.55,48.0,44.25,47.5,2381.0
2016-03-22,47.0,49.9,45.15,45.9,2534.0
2016-03-23,47.9,47.9,45.15,45.6,1458.0
2016-03-29,47.9,47.9,43.5,44.7,536.0
2016-03-30,44.0,44.35,43.0,43.55,3768.0
2016-03-31,45.9,46.9,43.55,44.75,6323.0
2016-04-01,44.25,45.1,44.25,45.1,794.0
2016-04-04,46.0,47.45,45.0,45.35,980.0
2016-04-05,43.6,47.4,43.6,45.1,267.0
2016-04-06,45.1,46.9,45.1,46.0,704.0
2016-04-07,45.2,45.2,45.1,45.1,225.0
2016-04-08,45.1,47.45,45.1,47.45,4.0
2016-04-11,45.5,46.0,45.5,46.0,618.0
2016-04-12,45.0,47.25,45.0,45.5,1815.0
2016-04-13,46.0,46.0,45.0,45.1,3599.0
2016-04-18,41.4,46.0,41.4,46.0,2848.0
2016-04-20,44.2,45.8,44.0,45.25,3572.0
2016-04-21,46.5,46.5,45.1,45.95,1481.0
2016-04-22,46.0,48.0,45.05,46.6,1655.0
2016-04-25,46.7,47.5,45.1,45.2,308.0
2016-04-26,45.5,46.0,44.4,44.4,845.0
2016-04-27,44.5,46.0,44.5,45.0,372.0
2016-04-28,42.65,46.75,42.65,44.4,390.0
2016-04-29,43.0,45.0,43.0,44.45,1700.0
2016-05-02,41.55,49.4,41.55,44.1,4844.0
2016-05-03,44.5,44.5,44.0,44.3,626.0
2016-05-04,44.0,44.05,44.0,44.05,394.0
2016-05-05,43.0,44.0,42.65,43.25,4796.0
2016-05-06,42.0,43.0,42.0,43.0,502.0
2016-05-09,41.1,43.0,40.45,41.5,9050.0
2016-05-10,40.55,42.0,40.5,41.95,750.0
2016-05-11,40.05,40.75,39.5,40.0,4510.0
2016-05-12,40.2,41.45,40.1,40.9,1267.0
2016-05-13,40.15,45.0,40.15,42.75,9477.0
2016-05-16,44.0,44.0,41.25,41.3,203.0
2016-05-17,43.15,44.0,39.6,43.0,1357.0
2016-05-18,41.0,42.95,41.0,42.45,403.0
2016-05-19,41.0,43.35,41.0,41.55,51.0
2016-05-20,41.0,41.0,41.0,41.0,5.0
2016-05-23,40.05,42.55,40.05,42.35,203.0
2016-05-24,40.2,42.3,40.2,42.3,40.0
2016-05-25,40.1,40.1,40.1,40.1,175.0
2016-05-26,40.5,42.5,40.1,41.5,2124.0
2016-05-27,40.7,42.6,35.1,39.45,3580.0
2016-05-30,40.9,40.9,37.55,38.8,1174.0
2016-05-31,38.0,38.0,31.2,33.05,99869.0
2016-06-01,32.2,35.0,31.5,33.6,10472.0
2016-06-02,33.5,35.0,32.5,34.55,13503.0
2016-06-03,35.0,35.0,34.5,34.95,8306.0
2016-06-06,35.0,35.0,33.95,34.0,2318.0
2016-06-07,34.5,40.8,34.05,37.55,17840.0
2016-06-08,39.25,41.9,37.0,40.75,6802.0
2016-06-09,41.0,42.5,41.0,41.4,1978.0
2016-06-10,39.0,42.0,39.0,40.35,3305.0
2016-06-13,39.05,42.3,38.05,40.8,1116.0
2016-06-14,40.0,40.1,40.0,40.1,63.0
2016-06-15,42.4,42.4,41.55,41.55,436.0
2016-06-16,42.2,42.5,38.0,40.0,3345.0
2016-06-17,38.55,41.0,38.55,40.5,852.0
2016-06-20,38.35,41.9,38.35,40.45,2125.0
2016-06-21,39.1,41.3,39.1,40.55,305.0
2016-06-22,38.55,40.5,38.55,40.5,1053.0
2016-06-23,38.5,40.4,38.5,39.85,1306.0
2016-06-24,40.0,44.5,40.0,42.1,16493.0
2016-06-27,44.25,47.2,41.75,42.45,2402.0
2016-06-28,41.55,44.45,41.55,42.8,2231.0
2016-06-29,43.9,44.45,42.6,42.6,40507.0
2016-06-30,44.8,44.8,40.3,43.95,7373.0
2016-07-01,42.7,44.0,41.55,42.75,1281.0
2016-07-04,43.0,43.0,41.6,41.9,3754.0
2016-07-05,41.5,42.45,41.5,41.9,463.0
2016-07-07,43.8,43.8,41.5,42.1,3127.0
2016-07-08,40.4,43.2,40.4,42.95,466.0
2016-07-11,42.95,43.5,41.45,42.7,3649.0
2016-07-12,44.9,44.95,40.65,42.1,3089.0
2016-07-13,41.35,41.95,38.1,39.8,10922.0
2016-07-14,40.1,42.15,39.1,40.8,3384.0
2016-07-15,40.0,41.75,39.35,39.8,3607.0
2016-07-18,41.2,41.2,40.1,40.9,698.0
2016-07-19,42.3,44.0,38.0,40.3,20602.0
2016-07-20,41.75,41.75,39.5,39.5,2092.0
2016-07-21,40.9,40.9,39.25,40.0,1015.0
2016-07-22,40.05,40.85,40.0,40.85,726.0
2016-07-25,39.5,43.25,39.5,40.65,3871.0
2016-07-26,40.65,42.3,38.6,40.0,5074.0
2016-07-27,40.4,43.6,40.0,40.2,7341.0
2016-07-28,41.0,41.0,37.9,39.35,15289.0
2016-07-29,38.6,42.8,38.6,42.2,5168.0
2016-08-01,42.8,44.4,42.35,42.75,13684.0
2016-08-02,44.1,47.0,44.0,44.5,6050.0
2016-08-03,45.15,45.15,41.55,43.65,6909.0
2016-08-04,45.0,45.0,41.25,41.95,410.0
2016-08-05,41.45,43.45,41.45,41.9,4736.0
2016-08-08,41.3,41.3,41.05,41.1,486.0
2016-08-09,40.8,43.9,40.8,43.3,800.0
2016-08-10,41.4,42.95,41.15,41.85,2475.0
2016-08-11,40.5,43.0,40.5,42.95,2105.0
2016-08-12,43.8,43.8,39.0,39.9,7173.0
2016-08-16,41.5,41.85,39.65,39.7,3771.0
2016-08-17,40.5,45.0,40.5,44.45,38054.0
2016-08-18,45.0,45.25,42.75,42.9,7056.0
2016-08-19,42.9,44.1,41.6,44.0,8090.0
2016-08-22,43.95,44.0,41.9,41.9,8752.0
2016-08-23,41.5,42.0,41.1,41.1,1820.0
2016-08-24,43.5,43.5,41.1,41.2,514.0
2016-08-25,43.25,43.25,41.4,41.4,1420.0
2016-08-26,41.6,42.8,41.3,41.3,297.0
2016-08-29,40.2,42.85,40.2,42.75,350.0
2016-08-30,42.0,42.4,40.05,41.8,10675.0
2016-08-31,40.15,41.0,40.15,40.2,2557.0
2016-09-01,40.15,40.3,40.15,40.15,885.0
2016-09-02,42.0,42.0,39.9,40.1,6207.0
2016-09-06,39.55,42.0,38.9,39.45,5799.0
2016-09-07,40.8,41.0,39.6,39.85,276.0
2016-09-08,39.0,39.75,39.0,39.7,1249.0
2016-09-09,39.7,41.5,39.1,41.25,605.0
2016-09-12,39.0,39.55,39.0,39.1,297.0
2016-09-14,39.0,39.4,39.0,39.15,2726.0
2016-09-15,38.7,46.95,38.5,45.85,176719.0
2016-09-16,48.55,50.05,45.3,47.9,185033.0
2016-09-19,49.0,49.0,45.7,47.9,15655.0
2016-09-20,47.95,48.0,45.5,46.15,14305.0
2016-09-21,46.25,47.5,45.05,45.65,6577.0
2016-09-22,46.85,47.0,44.5,45.35,8401.0
2016-09-23,44.9,46.0,44.5,44.5,13870.0
2016-09-26,46.3,47.0,43.25,43.25,844.0
2016-09-27,43.2,43.95,42.65,43.15,1241.0
2016-09-28,43.0,44.75,42.65,44.15,1663.0
2016-09-29,44.95,45.0,42.05,43.0,14952.0
2016-09-30,42.2,44.0,42.2,42.75,1470.0
2016-10-03,46.95,46.95,43.5,44.1,4048.0
2016-10-04,44.1,45.8,42.4,44.85,1518.0
2016-10-05,45.0,45.5,43.6,44.25,1112.0
2016-10-06,43.2,46.9,43.2,44.5,3880.0
2016-10-07,46.3,46.9,42.5,44.5,2387.0
2016-10-10,46.3,47.0,43.55,45.65,3669.0
2016-10-13,43.8,47.0,43.5,43.55,3050.0
2016-10-14,44.45,45.0,44.45,45.0,1850.0
2016-10-17,45.95,45.95,43.45,45.0,426.0
2016-10-18,44.95,44.95,43.3,43.5,2886.0
2016-10-19,43.3,46.5,43.3,44.95,1538.0
2016-10-20,46.0,51.0,44.05,47.85,18131.0
2016-10-21,47.85,50.0,47.85,47.85,10780.0
2016-10-24,49.8,49.95,43.55,48.5,16418.0
2016-10-25,49.95,50.0,48.1,48.5,19586.0
2016-10-26,49.65,49.7,48.1,48.4,5187.0
2016-10-27,48.0,48.6,45.0,45.5,2492.0
2016-10-28,47.3,48.7,44.6,44.8,5197.0
2016-10-30,44.6,44.7,44.6,44.7,121.0
2016-11-01,47.0,47.85,46.0,46.9,3185.0
2016-11-02,45.3,47.65,44.35,46.0,3857.0
2016-11-03,45.5,50.0,45.5,46.95,7068.0
2016-11-04,46.0,47.0,45.15,45.2,32442.0
2016-11-07,46.0,47.45,45.0,45.25,52299.0
2016-11-08,45.0,45.0,42.15,43.3,5892.0
2016-11-09,43.2,43.4,38.0,42.7,14454.0
2016-11-10,43.5,43.85,42.0,42.7,703.0
2016-11-11,45.0,45.0,40.05,40.15,2076.0
2016-11-15,43.0,43.0,37.75,37.75,3515.0
2016-11-16,36.35,39.95,35.5,38.6,7889.0
2016-11-17,37.1,39.9,34.0,34.35,10599.0
2016-11-18,35.4,35.95,35.0,35.3,2078.0
2016-11-21,34.1,35.85,30.7,32.3,2636.0
2016-11-22,32.0,34.7,32.0,34.0,499.0
2016-11-23,33.3,35.85,33.0,34.45,3642.0
2016-11-24,35.45,35.45,32.6,33.05,10924.0
2016-11-25,34.4,36.15,34.0,35.15,5235.0
2016-11-28,34.5,36.45,32.65,34.0,6923.0
2016-11-29,34.0,35.35,34.0,34.2,3953.0
2016-11-30,34.05,39.4,34.05,36.7,5716.0
2016-12-01,38.2,40.5,35.1,36.05,32565.0
2016-12-02,35.0,36.45,34.55,34.75,477.0
2016-12-05,34.75,36.4,34.75,36.4,1763.0
2016-12-06,36.0,38.45,35.5,36.7,2210.0
2016-12-07,36.0,38.45,35.55,36.55,1106.0
2016-12-08,37.0,39.4,37.0,38.55,7034.0
2016-12-09,39.9,41.4,37.35,37.5,4154.0
2016-12-12,36.95,36.95,35.65,36.85,2265.0
2016-12-13,36.85,36.9,36.05,36.1,1161.0
2016-12-14,36.85,36.85,35.45,36.05,2992.0
2016-12-15,35.2,36.9,34.7,36.4,755.0
2016-12-16,34.5,36.9,34.5,36.0,1038.0
2016-12-19,36.35,36.9,35.5,35.6,425.0
2016-12-20,35.45,36.45,35.45,35.45,987.0
2016-12-21,35.0,35.6,33.8,34.0,5946.0
2016-12-22,34.05,34.5,32.5,33.95,1934.0
2016-12-23,33.55,33.95,30.05,30.95,16128.0
2016-12-26,30.55,31.0,29.5,30.0,6713.0
2016-12-27,30.0,31.0,29.0,29.9,13144.0
2016-12-28,30.0,30.7,29.2,29.7,6644.0
2016-12-29,30.0,30.9,29.0,29.45,11982.0
2016-12-30,30.15,31.5,29.95,30.35,27138.0
2017-01-02,31.0,33.0,29.5,29.75,10854.0
2017-01-03,30.0,31.55,29.7,29.8,23295.0
2017-01-04,29.95,30.4,28.1,29.75,37998.0
2017-01-05,30.0,30.45,29.3,29.9,87481.0
2017-01-06,30.1,30.1,29.7,29.8,17017.0
2017-01-09,29.95,30.0,29.5,29.7,22921.0
2017-01-10,30.0,32.3,29.7,31.6,131501.0
2017-01-11,32.9,34.35,30.1,31.7,18196.0
2017-01-12,31.0,32.25,30.65,31.4,1925.0
2017-01-13,31.4,31.5,30.5,31.5,6171.0
2017-01-16,31.6,33.9,30.7,31.75,5158.0
2017-01-17,32.9,33.85,31.5,32.9,24032.0
2017-01-18,33.0,33.45,33.0,33.25,11176.0
2017-01-19,32.85,33.25,32.75,32.75,11270.0
2017-01-20,32.6,33.8,32.6,33.0,56553.0
2017-01-23,33.5,35.1,32.9,33.6,3316.0
2017-01-24,34.9,37.1,34.9,36.3,28758.0
2017-01-25,36.95,38.55,36.1,36.5,25809.0
2017-01-27,37.5,37.5,36.2,36.25,9504.0
2017-01-30,36.05,36.45,35.1,35.5,3093.0
2017-01-31,35.05,35.05,34.05,34.2,7028.0
2017-02-01,34.05,35.0,34.05,34.75,337.0
2017-02-02,35.8,35.9,34.95,34.95,2035.0
2017-02-03,35.8,37.8,35.0,37.2,28313.0
2017-02-06,37.2,37.5,34.2,36.4,7890.0
2017-02-07,36.05,37.0,35.55,36.25,5001.0
2017-02-08,37.0,37.5,36.0,36.4,29014.0
2017-02-09,36.95,37.5,36.5,36.65,15119.0
2017-02-10,36.05,36.6,35.45,35.85,4050.0
2017-02-13,36.0,37.0,36.0,36.05,4244.0
2017-02-14,36.5,36.5,35.5,36.0,27321.0
2017-02-15,35.0,36.8,34.0,35.55,4231.0
2017-02-16,35.25,35.9,34.05,35.4,2974.0
2017-02-17,35.9,35.9,34.8,34.8,502.0
2017-02-20,35.1,36.0,35.1,36.0,2410.0
2017-02-21,35.95,35.95,35.25,35.3,1310.0
2017-02-22,35.2,35.5,34.75,35.1,4055.0
2017-02-23,35.1,35.1,34.4,34.8,2791.0
2017-02-27,36.0,36.0,34.65,35.0,1681.0
2017-02-28,34.65,35.9,34.0,35.25,3051.0
2017-03-01,35.25,35.75,35.1,35.75,2720.0
2017-03-02,35.6,35.6,34.2,34.35,16717.0
2017-03-03,34.5,35.35,34.05,34.95,1239.0
2017-03-06,34.0,35.75,33.5,34.75,1958.0
2017-03-07,34.6,35.5,34.4,35.4,955.0
2017-03-08,36.0,36.0,34.05,34.25,4419.0
2017-03-09,34.0,35.0,34.0,34.95,8083.0
2017-03-10,36.3,36.3,34.3,35.45,787.0
2017-03-14,35.45,35.45,34.0,34.8,2995.0
2017-03-15,34.15,34.2,34.0,34.1,2615.0
2017-03-16,34.5,34.5,34.0,34.05,3865.0
2017-03-17,34.5,34.5,33.5,34.45,2581.0
2017-03-20,34.35,34.75,33.5,34.2,3290.0
2017-03-21,33.9,34.75,33.5,34.1,1895.0
2017-03-22,33.9,33.9,32.0,32.9,6928.0
2017-03-23,33.95,33.95,32.6,32.95,961.0
2017-03-24,32.5,33.45,32.5,32.55,2740.0
2017-03-27,32.65,34.0,31.05,32.5,6993.0
2017-03-28,32.0,34.5,31.15,32.0,1200.0
2017-03-29,31.6,33.45,31.0,31.9,14203.0
2017-03-30,30.65,34.5,30.65,30.85,35989.0
2017-03-31,30.7,34.3,28.3,32.1,50547.0
2017-04-03,32.2,33.25,30.35,32.2,6250.0
2017-04-05,30.9,32.8,30.9,31.6,8777.0
2017-04-06,31.35,32.6,31.0,32.4,2171.0
2017-04-07,32.6,32.95,31.0,31.35,2780.0
2017-04-10,33.15,33.15,31.05,32.1,3557.0
2017-04-11,31.2,34.85,31.05,34.05,11552.0
2017-04-12,33.0,36.0,32.0,33.5,3807.0
2017-04-13,34.0,34.25,33.0,33.2,8374.0
2017-04-17,33.0,33.0,31.6,33.0,861.0
2017-04-18,33.0,33.75,32.55,32.95,3188.0
2017-04-19,32.35,33.5,32.35,32.9,1054.0
2017-04-20,32.5,33.9,32.5,33.4,664.0
2017-04-21,33.4,34.0,33.0,33.45,8085.0
2017-04-24,33.95,34.9,33.55,34.5,4655.0
2017-04-25,34.5,34.95,33.85,34.25,4577.0
2017-04-26,35.0,35.0,33.0,33.8,3071.0
2017-04-27,33.2,33.2,32.0,32.2,2500.0
2017-04-28,32.15,36.0,32.15,33.7,109593.0
2017-05-02,35.25,36.9,32.1,35.2,98018.0
2017-05-03,36.6,42.2,36.15,39.6,508402.0
2017-05-04,38.1,39.5,36.85,38.1,28689.0
2017-05-05,38.0,38.0,35.25,36.55,24366.0
2017-05-08,36.2,37.0,35.2,36.25,6767.0
2017-05-09,36.05,36.95,34.2,36.35,4436.0
2017-05-10,36.05,37.7,36.05,36.55,7379.0
2017-05-11,36.0,42.4,35.5,40.95,203325.0
2017-05-12,40.6,43.0,37.8,42.55,58540.0
2017-05-15,42.55,45.0,42.05,43.2,41972.0
2017-05-16,42.2,43.6,39.5,40.5,44111.0
2017-05-17,42.5,42.5,38.4,39.95,13313.0
2017-05-18,40.55,40.65,38.55,39.2,27680.0
2017-05-19,39.0,40.0,37.3,38.0,4678.0
2017-05-22,37.8,39.5,37.2,38.0,4078.0
2017-05-23,37.4,37.4,36.2,36.35,2659.0
2017-05-24,37.3,37.3,34.55,35.25,13975.0
2017-05-25,35.2,36.0,34.15,35.45,7422.0
2017-05-26,35.25,36.55,35.25,36.3,3486.0
2017-05-29,36.3,39.4,35.85,38.65,7137.0
2017-05-30,39.0,39.3,35.2,35.85,9322.0
2017-05-31,36.85,36.85,35.3,35.85,2432.0
2017-06-01,37.4,37.45,36.0,36.05,2237.0
2017-06-02,35.6,37.3,35.6,36.6,1722.0
2017-06-05,36.5,37.05,35.25,36.3,5989.0
2017-06-06,35.1,36.05,34.55,34.7,12807.0
2017-06-07,36.0,36.0,35.15,35.15,1548.0
2017-06-08,35.85,36.45,34.8,35.0,8548.0
2017-06-09,36.25,36.95,35.1,35.45,2351.0
2017-06-12,37.95,37.95,34.7,34.85,4123.0
2017-06-13,34.75,35.0,34.15,34.3,3221.0
2017-06-14,34.5,34.85,34.1,34.1,320.0
2017-06-15,34.15,34.4,32.8,32.95,10110.0
2017-06-16,32.95,34.05,32.1,33.5,8706.0
2017-06-19,33.0,34.0,32.25,33.15,796.0
2017-06-20,34.1,34.95,32.55,33.0,2855.0
2017-06-21,33.65,35.0,33.6,34.95,5717.0
2017-06-22,35.0,35.05,32.25,33.25,10801.0
2017-06-23,32.95,34.4,32.1,32.35,9047.0
2017-06-27,32.9,33.0,31.55,31.8,1599.0
2017-06-28,31.8,32.45,30.5,32.2,3238.0
2017-06-29,32.9,32.9,30.9,31.15,7043.0
2017-06-30,31.4,32.4,31.15,32.4,1887.0
2017-07-03,31.5,33.6,31.05,33.0,2027.0
2017-07-04,33.6,33.6,31.75,32.65,1378.0
2017-07-05,33.6,36.0,33.6,34.35,202425.0
2017-07-06,34.95,38.0,34.2,36.9,110346.0
2017-07-07,38.4,41.75,35.1,38.5,241522.0
2017-07-10,42.7,42.7,38.15,38.6,3096.0
2017-07-11,39.5,39.65,36.2,38.05,26405.0
2017-07-12,37.6,39.45,37.5,38.8,21654.0
2017-07-13,37.5,39.5,37.5,39.0,11487.0
2017-07-14,38.0,38.2,36.4,37.55,21303.0
2017-07-17,37.0,38.0,35.5,36.0,12354.0
2017-07-18,36.0,36.0,34.25,34.5,7002.0
2017-07-19,34.2,35.35,34.2,34.25,10440.0
2017-07-20,34.25,35.45,34.2,34.4,4911.0
2017-07-21,35.4,36.65,34.25,34.6,21480.0
2017-07-24,35.6,35.8,34.75,35.15,4302.0
2017-07-25,34.2,34.9,33.5,34.25,7073.0
2017-07-26,35.1,35.1,34.0,34.15,2864.0
2017-07-27,34.5,34.5,33.1,33.5,5525.0
2017-07-28,33.15,34.2,33.0,33.3,3084.0
2017-07-31,33.25,34.5,33.25,34.05,450.0
2017-08-01,33.9,35.0,33.75,33.8,922.0
2017-08-02,34.8,34.8,33.9,34.55,1100.0
2017-08-03,34.3,34.3,32.2,33.2,2721.0
2017-08-04,33.25,33.35,30.6,31.7,14897.0
2017-08-07,31.8,32.9,31.15,31.75,3976.0
2017-08-08,32.0,32.0,29.6,30.0,22938.0
2017-08-09,29.1,34.5,29.1,29.95,39762.0
2017-08-10,29.5,31.45,28.5,29.45,19850.0
2017-08-11,28.0,31.25,28.0,30.15,5317.0
2017-08-14,31.25,31.25,27.5,28.45,21833.0
2017-08-16,29.6,30.0,28.05,28.7,22633.0
2017-08-17,29.8,30.45,28.8,29.7,4200.0
2017-08-18,30.7,31.0,28.1,30.95,7845.0
2017-08-21,30.5,31.55,30.0,31.1,3061.0
2017-08-22,30.0,30.9,29.2,30.3,21726.0
2017-08-23,30.85,30.85,29.4,29.4,1320.0
2017-08-24,30.35,31.2,29.4,31.2,5728.0
2017-08-28,30.1,31.0,29.55,30.15,2223.0
2017-08-29,30.25,30.7,30.0,30.1,1590.0
2017-08-30,30.7,31.4,30.05,30.8,5067.0
2017-08-31,31.0,33.4,30.7,30.8,11638.0
2017-09-01,31.5,32.6,30.55,31.15,11769.0
2017-09-04,32.4,32.4,30.55,30.75,9535.0
2017-09-05,30.55,30.7,29.7,30.5,9516.0
2017-09-06,30.55,30.85,30.3,30.35,3865.0
2017-09-07,30.6,31.3,30.3,30.8,954.0
2017-09-08,30.9,31.5,30.6,30.7,6823.0
2017-09-11,31.5,36.8,31.05,32.85,190620.0
2017-09-12,32.5,33.0,31.6,32.5,27133.0
2017-09-13,32.0,32.6,31.05,31.75,14098.0
2017-09-14,32.15,33.5,32.0,32.1,16699.0
2017-09-15,31.5,32.8,31.1,31.1,5236.0
2017-09-18,31.4,32.5,30.4,30.55,9156.0
2017-09-19,29.5,31.45,29.5,29.95,24058.0
2017-09-20,30.7,31.45,30.0,30.15,5655.0
2017-09-21,30.2,30.8,29.6,30.45,4227.0
2017-09-22,30.05,30.45,29.65,30.0,6843.0
2017-09-25,29.5,30.0,28.2,29.9,7995.0
2017-09-26,29.1,30.5,29.0,30.05,2708.0
2017-09-27,30.0,30.0,28.4,28.85,16481.0
2017-09-28,28.2,29.8,28.2,29.0,1449.0
2017-09-29,29.5,29.5,28.5,29.35,12635.0
2017-10-03,29.2,29.75,29.0,29.1,10173.0
2017-10-04,29.05,29.45,29.0,29.45,641.0
2017-10-05,29.0,29.95,28.9,29.4,8193.0
2017-10-06,28.95,30.0,28.1,28.55,11792.0
2017-10-09,28.6,29.7,28.6,29.05,5527.0
2017-10-10,29.45,30.0,29.0,29.2,12983.0
2017-10-11,29.85,31.9,29.5,29.65,41184.0
2017-10-12,30.0,30.45,29.7,29.8,4378.0
2017-10-13,30.0,30.5,29.1,29.65,6116.0
2017-10-16,29.5,29.85,28.55,28.8,8799.0
2017-10-17,29.0,29.5,28.65,28.95,3189.0
2017-10-18,29.7,29.8,28.7,29.05,2271.0
2017-10-19,30.0,30.0,28.75,29.8,2160.0
2017-10-23,29.8,31.0,29.6,30.1,4126.0
2017-10-24,29.5,30.95,29.15,30.05,4834.0
2017-10-25,30.95,30.95,29.55,29.7,6053.0
2017-10-26,29.2,30.5,29.1,30.4,10483.0
2017-10-27,30.0,31.2,29.5,29.55,3543.0
2017-10-30,30.0,30.45,29.35,29.65,3617.0
2017-10-31,29.15,35.55,29.1,31.35,160207.0
2017-11-01,31.6,33.0,31.5,31.75,29651.0
2017-11-02,31.45,32.6,31.45,32.3,5501.0
2017-11-03,31.0,33.5,30.6,31.15,18266.0
2017-11-06,31.3,32.5,31.05,31.15,7970.0
2017-11-07,32.4,32.9,31.0,31.75,4296.0
2017-11-08,31.3,32.0,30.7,31.3,6804.0
2017-11-09,31.3,32.0,30.65,31.3,7004.0
2017-11-10,30.0,31.5,30.0,31.0,2412.0
2017-11-13,31.85,31.85,30.7,30.85,1241.0
2017-11-14,30.55,31.5,30.1,30.35,3266.0
2017-11-15,30.05,31.5,30.0,30.0,7213.0
2017-11-16,30.05,30.9,28.6,29.45,14766.0
2017-11-17,29.45,29.95,28.9,29.25,2313.0
2017-11-20,31.5,31.9,29.6,30.1,7725.0
2017-11-21,29.85,30.5,28.3,29.0,26084.0
2017-11-22,30.0,30.0,28.6,29.4,6079.0
2017-11-23,29.1,29.8,29.0,29.3,3530.0
2017-11-24,29.5,29.65,29.05,29.5,4226.0
2017-11-27,29.5,30.3,29.1,29.85,12487.0
2017-11-28,29.6,30.65,29.6,30.1,25115.0
2017-11-29,30.35,30.5,29.4,29.55,11331.0
2017-11-30,29.6,29.95,29.1,29.8,3611.0
2017-12-01,30.0,30.0,28.5,28.65,21610.0
2017-12-04,29.0,30.0,29.0,29.65,113769.0
2017-12-05,30.0,30.0,29.1,29.15,12679.0
2017-12-06,29.8,30.5,29.2,30.05,14056.0
2017-12-07,30.05,30.15,29.4,29.95,2302.0
2017-12-08,30.5,30.5,29.4,29.9,2685.0
2017-12-11,29.9,29.9,29.1,29.35,2170.0
2017-12-12,30.3,30.4,29.3,29.3,9171.0
2017-12-13,29.35,29.35,29.0,29.05,8499.0
2017-12-14,29.05,29.35,28.75,28.95,4304.0
2017-12-15,28.8,29.65,28.8,29.2,1522.0
2017-12-18,28.45,29.5,28.05,28.5,6432.0
2017-12-19,28.5,29.9,28.3,28.65,93762.0
2017-12-20,29.0,29.6,29.0,29.2,9399.0
2017-12-21,29.6,30.0,29.35,29.8,21290.0
2017-12-22,29.9,29.9,29.05,29.1,15353.0
2017-12-26,29.1,29.75,29.05,29.15,5665.0
2017-12-27,29.95,30.0,29.3,29.35,17736.0
2017-12-28,29.9,29.9,28.95,29.4,19716.0
2017-12-29,28.95,29.7,28.95,29.4,3996.0
2018-01-01,29.2,30.0,29.0,29.75,26160.0
2018-01-02,29.8,29.95,29.15,29.3,7634.0
2018-01-03,29.5,29.7,28.8,28.9,29863.0
2018-01-04,29.25,29.7,29.0,29.35,11996.0
2018-01-05,29.5,31.0,29.25,29.85,96038.0
2018-01-08,30.0,30.25,29.45,29.85,121523.0
2018-01-09,30.0,30.0,29.6,29.85,24317.0
2018-01-10,30.0,30.0,29.0,29.1,26258.0
2018-01-11,29.3,29.9,28.8,29.35,14346.0
2018-01-12,29.9,30.0,29.3,29.55,26575.0
2018-01-15,29.55,30.0,29.3,29.55,21956.0
2018-01-16,29.6,30.0,28.85,28.85,15562.0
2018-01-17,28.9,29.4,28.9,29.3,3240.0
2018-01-18,30.0,30.0,28.5,28.5,23224.0
2018-01-19,28.15,28.8,28.1,28.6,3472.0
2018-01-22,28.75,29.0,28.25,28.65,3097.0
2018-01-23,28.3,29.25,28.1,28.25,6383.0
2018-01-24,28.65,28.95,28.1,28.1,1794.0
2018-01-25,28.2,29.1,28.15,28.2,3164.0
2018-01-29,28.95,28.95,28.25,28.45,2827.0
2018-01-30,28.2,29.0,27.5,28.25,15355.0
2018-01-31,28.3,29.0,27.65,28.2,13627.0
2018-02-01,28.1,28.75,28.0,28.2,5235.0
2018-02-02,28.0,28.0,25.7,27.05,7468.0
2018-02-05,25.65,27.8,25.0,26.05,14838.0
2018-02-06,25.0,26.7,24.75,24.85,5590.0
2018-02-07,26.8,27.8,25.0,25.3,7328.0
2018-02-08,25.35,27.25,25.35,26.5,15432.0
2018-02-09,26.95,26.95,25.6,26.0,3250.0
2018-02-12,26.0,26.8,25.65,26.3,1108.0
2018-02-14,27.1,27.6,26.3,26.5,61547.0
2018-02-15,27.0,27.0,25.5,25.55,7787.0
2018-02-16,25.6,26.95,25.55,25.6,2279.0
2018-02-19,25.45,26.5,25.45,25.5,4268.0
2018-02-20,25.25,26.1,25.0,25.25,1894.0
2018-02-21,24.75,25.85,24.75,25.2,4277.0
2018-02-22,25.0,25.8,25.0,25.8,5392.0
2018-02-23,25.55,26.7,25.15,25.2,2461.0
2018-02-26,25.5,26.0,24.7,24.95,17769.0
2018-02-27,25.35,26.15,24.1,24.8,9951.0
2018-02-28,24.1,25.7,24.05,24.7,1995.0
2018-03-01,26.0,26.0,24.5,25.4,2674.0
2018-03-05,24.85,26.5,24.55,25.3,10419.0
2018-03-06,26.3,26.5,24.55,24.55,230.0
2018-03-07,25.9,25.95,22.3,23.7,6535.0
2018-03-08,23.1,24.6,23.1,23.95,3475.0
2018-03-09,25.5,25.5,23.15,24.35,4386.0
2018-03-12,25.4,25.4,23.6,23.7,2743.0
2018-03-13,23.0,24.9,22.3,24.5,1674.0
2018-03-14,25.35,25.35,23.15,24.75,5760.0
2018-03-15,25.7,25.7,24.3,24.8,2461.0
2018-03-16,24.1,24.4,23.5,23.55,1933.0
2018-03-19,23.2,25.8,22.1,22.5,7399.0
2018-03-20,23.85,24.85,21.6,22.25,28473.0
2018-03-21,22.0,23.95,22.0,22.1,8016.0
2018-03-22,22.0,22.95,21.3,22.0,15042.0
2018-03-23,21.2,21.8,20.3,21.0,12104.0
2018-03-26,21.0,22.45,20.1,20.45,26587.0
2018-03-27,21.0,21.0,19.2,19.6,21646.0
2018-03-28,19.7,20.5,19.0,19.85,7536.0
2018-04-02,20.0,20.8,19.5,20.0,6091.0
2018-04-03,19.6,22.0,19.4,21.3,8968.0
2018-04-04,21.3,22.8,21.3,22.0,7987.0
2018-04-05,21.75,23.95,21.75,22.95,5612.0
2018-04-06,23.0,23.65,22.5,22.85,3216.0
2018-04-09,23.0,23.85,22.35,22.75,3324.0
2018-04-10,23.4,26.8,23.1,25.8,50038.0
2018-04-11,25.9,26.0,24.9,25.35,13072.0
2018-04-12,25.4,25.65,24.65,25.25,3825.0
2018-04-13,25.0,25.0,23.75,24.4,11938.0
2018-04-16,25.6,25.6,23.1,24.4,6208.0
2018-04-17,25.0,25.5,24.0,24.25,4944.0
2018-04-18,25.0,25.0,23.0,23.5,18871.0
2018-04-19,23.3,24.5,22.85,23.4,14607.0
2018-04-20,24.45,24.45,21.35,22.0,11408.0
2018-04-23,22.0,22.85,21.75,21.8,9679.0
2018-04-24,22.0,22.25,21.0,21.35,12026.0
2018-04-25,21.6,21.75,20.55,20.85,13013.0
2018-04-26,21.5,21.75,20.65,21.55,2473.0
2018-04-27,21.0,22.9,20.5,22.5,14574.0
2018-04-30,23.5,23.5,22.15,22.15,2444.0
2018-05-02,22.5,22.5,21.05,21.95,3266.0
2018-05-03,21.5,21.5,20.1,20.5,4900.0
2018-05-04,20.5,21.0,19.3,20.45,8467.0
2018-05-07,20.9,21.0,20.2,20.35,1658.0
2018-05-08,20.5,21.0,20.4,20.95,8187.0
2018-05-09,20.5,21.0,20.35,20.4,1566.0
2018-05-10,20.1,20.95,20.05,20.9,571.0
2018-05-11,20.0,20.55,19.55,20.05,2583.0
2018-05-14,21.0,21.55,20.25,20.5,2837.0
2018-05-15,20.35,21.3,18.5,19.7,3835.0
2018-05-16,19.55,20.35,19.55,20.3,2090.0
2018-05-17,21.95,21.95,20.0,20.7,1531.0
2018-05-18,20.25,21.15,20.0,20.0,1170.0
2018-05-21,20.85,20.85,18.9,20.0,1592.0
2018-05-22,19.95,20.7,19.35,20.55,4028.0
2018-05-23,20.0,20.55,19.2,19.35,2864.0
2018-05-24,20.25,20.25,19.15,19.8,3701.0
2018-05-25,20.0,21.8,19.15,19.6,9341.0
2018-05-28,20.45,20.45,19.65,20.0,2700.0
2018-05-29,19.55,20.0,19.55,19.65,1191.0
2018-05-30,20.9,20.95,18.75,19.25,9812.0
2018-05-31,20.55,20.55,18.75,19.05,4829.0
2018-06-01,18.7,19.5,18.65,19.45,2212.0
2018-06-04,18.6,19.6,17.3,18.4,6690.0
2018-06-05,18.0,18.0,17.1,17.35,3811.0
2018-06-06,18.95,18.95,17.6,18.1,16849.0
2018-06-07,18.2,20.1,18.0,19.0,120873.0
2018-06-08,19.45,20.05,19.0,19.55,15370.0
2018-06-11,19.4,19.9,19.0,19.5,1974.0
2018-06-12,19.1,21.0,19.1,20.5,141537.0
2018-06-13,19.7,20.8,18.75,19.5,5833.0
2018-06-14,20.5,20.8,19.7,19.8,2108.0
2018-06-15,19.5,20.25,19.5,19.5,6954.0
2018-06-18,19.5,19.95,19.5,19.55,2050.0
2018-06-19,19.9,20.0,19.5,19.85,6891.0
2018-06-20,19.55,20.4,19.55,20.05,7267.0
2018-06-21,19.7,20.4,19.5,19.5,1730.0
2018-06-22,20.0,20.4,19.6,19.95,1399.0
2018-06-25,19.6,20.25,18.65,19.7,1769.0
2018-06-26,19.5,20.0,19.5,19.5,2801.0
2018-06-27,19.55,19.7,19.5,19.5,7139.0
2018-06-28,19.9,20.75,19.5,20.55,7677.0
2018-06-29,20.85,20.85,19.5,19.55,837.0
2018-07-02,19.5,20.0,19.5,20.0,201.0
2018-07-03,19.5,20.0,19.5,20.0,1775.0
2018-07-04,20.05,20.05,19.5,19.5,1811.0
2018-07-05,19.05,20.95,19.05,19.55,3012.0
2018-07-06,20.25,20.85,20.0,20.55,2053.0
2018-07-09,20.5,20.5,19.5,19.5,658.0
2018-07-10,20.4,23.2,19.65,22.7,23698.0
2018-07-11,24.45,24.45,21.45,22.7,15299.0
2018-07-12,22.45,22.95,21.4,22.55,6169.0
2018-07-13,24.0,24.0,22.6,23.45,17336.0
2018-07-16,23.0,23.0,21.35,22.4,9368.0
2018-07-17,22.35,22.95,22.3,22.45,2923.0
2018-07-18,22.4,23.15,20.5,20.95,12399.0
2018-07-19,21.5,22.3,20.8,21.6,8649.0
2018-07-20,22.75,22.95,20.35,21.0,22389.0
2018-07-23,20.0,22.85,20.0,21.35,8861.0
2018-07-24,20.8,21.5,19.4,20.95,13836.0
2018-07-25,20.6,21.85,20.0,21.4,8199.0
2018-07-26,20.65,22.8,20.0,21.9,15002.0
2018-07-27,21.5,22.5,21.15,21.75,7012.0
2018-07-30,21.5,23.35,21.4,23.25,7392.0
2018-07-31,22.8,24.95,22.15,22.65,5829.0
2018-08-01,21.55,24.4,21.55,22.0,7998.0
2018-08-02,22.85,25.25,22.35,24.3,37091.0
2018-08-03,23.0,24.6,23.0,23.25,13085.0
2018-08-06,23.25,24.2,22.8,23.4,4439.0
2018-08-07,23.15,23.9,22.85,23.3,17762.0
2018-08-08,23.0,23.9,23.0,23.3,1830.0
2018-08-09,23.1,23.6,23.05,23.15,5778.0
2018-08-10,23.5,27.75,23.25,27.75,147262.0
2018-08-13,29.0,33.3,27.5,28.8,326827.0
2018-08-14,28.5,30.8,26.25,30.7,206757.0
2018-08-16,30.75,30.75,27.7,28.6,23137.0
2018-08-17,27.25,29.65,27.2,28.25,10285.0
2018-08-20,28.25,29.0,28.05,28.15,7469.0
2018-08-21,27.65,29.55,26.8,29.55,92144.0
2018-08-23,28.1,30.5,28.1,28.15,19208.0
2018-08-24,27.5,29.0,27.5,27.85,7490.0
2018-08-27,28.7,29.2,27.5,29.0,17304.0
2018-08-28,28.1,29.15,27.55,28.0,14513.0
2018-08-29,28.0,29.4,28.0,29.2,8575.0
2018-08-30,30.0,30.0,28.5,29.05,3993.0
2018-08-31,29.7,30.0,28.0,28.5,1261.0
2018-09-03,27.55,28.9,27.55,28.55,3858.0
2018-09-04,28.65,29.0,27.9,28.8,2093.0
2018-09-05,28.2,28.9,27.45,28.25,14276.0
2018-09-06,28.0,29.5,27.5,29.15,9547.0
2018-09-07,28.6,30.25,28.6,30.2,100343.0
2018-09-10,29.3,29.95,28.8,29.2,1156.0
2018-09-11,29.05,29.75,29.0,29.15,3440.0
2018-09-12,29.5,29.6,28.05,28.1,7576.0
2018-09-14,29.3,29.5,28.1,29.05,3073.0
2018-09-17,28.4,29.5,28.4,29.15,2635.0
2018-09-18,29.75,29.75,29.0,29.0,1667.0
2018-09-19,29.45,29.45,27.55,27.7,18418.0
2018-09-21,27.7,28.0,27.0,27.5,12793.0
2018-09-24,28.0,28.5,26.6,26.6,13312.0
2018-09-25,26.8,27.45,26.5,27.05,3854.0
2018-09-26,26.55,28.35,26.55,27.3,1635.0
2018-09-27,27.3,27.3,25.95,25.95,3960.0
2018-09-28,25.05,25.05,24.7,24.7,2959.0
2018-10-01,23.5,25.0,23.5,23.85,4488.0
2018-10-03,23.85,24.7,23.85,24.7,101.0
2018-10-04,25.2,25.2,23.75,23.75,1504.0
2018-10-05,24.55,24.9,24.55,24.8,1028.0
2018-10-08,25.0,25.0,23.6,24.2,533.0
2018-10-09,25.25,25.25,23.45,25.0,140.0
2018-10-10,24.0,26.2,24.0,26.2,1047.0
2018-10-11,25.2,25.2,24.9,24.9,7.0
2018-10-12,26.1,26.1,24.8,24.8,76.0
2018-10-15,24.25,24.25,24.25,24.25,100.0
2018-10-16,25.45,25.45,25.2,25.3,3080.0
2018-10-17,25.45,26.55,25.2,26.55,8156.0
2018-10-19,26.7,26.7,25.3,25.3,1892.0
2018-10-22,25.5,25.5,24.15,24.7,280.0
2018-10-23,24.0,25.5,24.0,25.5,530.0
2018-10-24,25.05,25.05,24.25,24.25,5500.0
2018-10-25,24.0,24.0,23.15,24.0,1102.0
2018-10-26,23.3,24.5,23.3,24.0,1032.0
2018-10-29,24.0,24.1,23.9,24.1,1203.0
2018-10-30,24.1,24.1,23.2,23.3,347.0
2018-10-31,23.8,24.0,23.0,23.6,1526.0
2018-11-01,24.15,24.2,22.7,23.15,470.0
2018-11-02,24.2,24.3,23.0,24.2,757.0
2018-11-05,24.0,24.95,23.25,23.35,2928.0
2018-11-06,24.4,24.4,23.9,23.95,2350.0
2018-11-07,24.3,24.3,24.3,24.3,1809.0
2018-11-09,24.3,24.3,24.05,24.05,903.0
2018-11-12,25.0,25.0,23.85,23.85,1429.0
2018-11-13,24.5,24.5,24.45,24.45,575.0
2018-11-14,23.7,24.45,23.25,23.65,7764.0
2018-11-15,23.7,24.75,23.7,24.45,801.0
2018-11-16,24.45,24.5,23.8,23.8,2155.0
2018-11-19,24.8,24.8,23.8,24.15,2150.0
2018-11-20,23.25,24.25,23.25,23.95,4780.0
2018-11-21,24.95,24.95,24.0,24.5,469.0
2018-11-22,24.5,24.5,23.35,23.45,28231.0
2018-11-26,23.25,23.95,22.8,22.85,2806.0
2018-11-27,22.9,23.85,22.0,23.3,154.0
2018-11-28,22.55,24.4,22.55,24.35,140.0
2018-11-29,24.65,24.7,23.85,23.85,450.0
2018-11-30,23.1,24.5,23.1,23.5,3065.0
2018-12-03,23.5,23.5,23.0,23.35,3783.0
2018-12-04,23.1,24.1,23.1,24.1,368.0
2018-12-05,23.45,24.5,23.45,23.5,3352.0
2018-12-06,23.5,24.1,23.25,24.0,737.0
2018-12-07,24.0,24.0,23.55,24.0,1190.0
2018-12-10,23.1,23.4,23.0,23.4,715.0
2018-12-11,24.2,24.2,23.0,23.1,311.0
2018-12-12,22.8,24.2,22.8,22.9,45.0
2018-12-13,22.15,24.6,22.15,23.3,2120.0
2018-12-14,23.3,24.5,23.3,24.5,678.0
2018-12-17,23.4,24.8,22.1,23.55,3415.0
2018-12-18,23.55,24.8,23.5,23.65,2168.0
2018-12-19,23.65,24.0,23.1,24.0,725.0
2018-12-20,23.55,23.6,22.8,23.6,132.0
2018-12-21,23.6,24.6,23.3,24.6,1454.0
2018-12-24,24.5,24.5,23.3,23.35,525.0
2018-12-27,22.8,24.0,21.1,23.15,16372.0
2018-12-28,24.5,24.5,23.7,23.7,199.0
2018-12-31,25.2,25.2,23.75,24.75,1563.0
2019-01-01,24.5,24.7,22.95,24.6,366.0
2019-01-02,23.65,24.25,22.95,24.2,513.0
2019-01-03,23.2,24.0,23.15,23.15,167.0
2019-01-04,25.35,25.35,23.2,24.1,5060.0
2019-01-07,24.0,24.0,23.0,23.05,4153.0
2019-01-08,24.8,24.8,22.95,23.0,10706.0
2019-01-09,22.9,23.3,22.6,22.6,227.0
2019-01-10,24.25,24.25,23.0,23.0,7393.0
2019-01-11,23.1,23.75,23.1,23.5,160.0
2019-01-14,23.15,23.15,22.6,22.6,492.0
2019-01-15,23.6,23.95,22.35,23.5,1054.0
2019-01-16,23.5,23.95,22.6,22.65,1990.0
2019-01-17,22.65,22.65,22.05,22.25,635.0
2019-01-18,22.05,22.2,22.05,22.2,431.0
2019-01-21,23.4,23.4,23.15,23.15,2.0
2019-01-22,23.15,23.45,22.0,22.15,934.0
2019-01-23,22.3,23.0,22.15,22.95,1308.0
2019-01-24,22.2,22.25,21.05,22.2,977.0
2019-01-25,22.2,22.4,21.1,21.35,545.0
2019-01-28,21.25,21.35,20.2,20.9,114.0
2019-01-29,20.95,22.25,19.8,19.8,1018.0
2019-01-30,19.85,21.75,19.85,20.75,830.0
2019-01-31,22.75,22.75,20.1,21.75,5126.0
2019-02-01,22.0,22.95,20.55,21.8,3833.0
2019-02-04,23.25,23.25,20.0,20.15,6082.0
2019-02-05,20.95,21.55,19.7,20.7,2446.0
2019-02-06,21.8,21.8,19.45,19.9,408.0
2019-02-07,20.0,20.7,19.75,20.35,3446.0
2019-02-08,20.1,20.1,18.55,19.05,2931.0
2019-02-11,19.6,19.95,18.7,19.3,1486.0
2019-02-12,18.8,18.85,18.8,18.85,2.0
2019-02-13,19.1,20.1,19.1,19.15,1363.0
2019-02-14,19.95,21.1,17.8,18.1,1466.0
2019-02-15,19.85,21.7,17.65,19.95,6100.0
2019-02-18,19.3,21.0,18.6,19.4,523.0
2019-02-19,20.0,20.85,18.85,19.65,1703.0
2019-02-20,19.1,19.95,18.6,19.95,1924.0
2019-02-21,20.25,21.1,18.5,19.95,2534.0
2019-02-22,20.75,20.75,19.2,20.45,501.0
2019-02-25,20.85,20.85,19.15,20.4,3294.0
2019-02-26,20.0,21.0,18.4,19.05,1731.0
2019-02-27,19.35,22.4,19.35,20.3,9954.0
2019-02-28,20.9,20.9,19.7,20.5,4070.0
2019-03-01,19.85,20.9,19.55,20.45,1026.0
2019-03-05,20.45,20.9,19.55,20.25,2102.0
2019-03-06,20.85,20.9,20.0,20.6,5320.0
2019-03-07,20.2,20.9,19.6,20.05,3755.0
2019-03-08,19.55,20.9,19.55,20.45,16052.0
2019-03-11,20.45,20.75,20.45,20.5,6030.0
2019-03-12,20.35,20.85,20.0,20.15,8281.0
2019-03-13,20.25,20.85,20.0,20.2,4341.0
2019-03-14,20.0,20.8,20.0,20.0,742.0
2019-03-15,20.0,20.8,20.0,20.0,489.0
2019-03-18,21.1,21.1,19.75,20.05,26717.0
2019-03-19,20.0,20.0,19.25,19.75,9062.0
2019-03-20,19.5,20.25,19.35,19.5,4567.0
2019-03-22,19.1,19.95,18.75,19.6,3562.0
2019-03-25,19.0,19.85,18.5,18.9,2049.0
2019-03-26,18.75,19.45,18.45,18.8,12787.0
2019-03-27,20.8,22.5,19.05,19.7,39454.0
2019-03-28,19.1,19.65,18.85,19.15,8029.0
2019-03-29,19.95,20.9,19.05,20.05,23471.0
2019-04-01,20.8,20.9,20.05,20.3,18997.0
2019-04-02,20.2,20.9,20.0,20.5,4136.0
2019-04-03,20.5,20.9,20.1,20.55,3695.0
2019-04-04,21.0,21.0,20.1,20.15,1066.0
2019-04-05,20.85,20.9,19.5,20.1,5807.0
2019-04-08,20.85,20.85,19.85,20.0,88.0
2019-04-09,20.0,22.0,19.8,20.45,6322.0
2019-04-10,20.3,21.0,20.25,20.25,5587.0
2019-04-11,20.25,23.85,20.25,22.65,68501.0
2019-04-12,22.95,22.95,21.0,21.2,36430.0
2019-04-15,21.2,21.7,21.0,21.25,2136.0
2019-04-16,21.0,22.3,20.5,21.5,18834.0
2019-04-18,22.05,22.05,20.9,21.3,5879.0
2019-04-22,21.0,21.5,19.8,20.1,31831.0
2019-04-23,20.8,20.8,19.65,19.85,12132.0
2019-04-24,20.5,20.5,19.6,20.0,12203.0
2019-04-25,20.0,20.0,19.6,19.75,9984.0
2019-04-26,19.7,22.0,19.1,19.9,34353.0
2019-04-30,19.5,20.0,19.5,19.5,4703.0
2019-05-02,19.3,20.0,19.3,20.0,12155.0
2019-05-03,19.3,20.0,19.3,19.5,2573.0
2019-05-06,19.95,20.5,19.5,19.75,5553.0
2019-05-07,19.3,19.95,19.3,19.5,1651.0
2019-05-08,19.2,19.25,18.6,19.0,4854.0
2019-05-09,19.5,20.0,19.0,19.7,953.0
2019-05-13,19.1,20.25,19.1,19.25,964.0
2019-05-14,19.25,19.25,18.25,18.45,4315.0
2019-05-15,19.5,19.5,18.3,19.4,1816.0
2019-05-16,18.75,19.9,18.4,18.6,2663.0
2019-05-17,19.7,19.9,18.6,19.0,3691.0
2019-05-20,19.05,20.65,19.05,19.55,3101.0
2019-05-21,18.9,19.8,18.9,19.5,689.0
2019-05-22,19.15,19.45,18.85,18.95,1576.0
2019-05-23,18.7,20.25,18.5,18.7,4251.0
2019-05-24,18.7,19.85,18.7,18.8,851.0
2019-05-27,19.1,20.1,19.1,19.4,2389.0
2019-05-28,20.2,20.2,18.8,18.9,10297.0
2019-05-29,19.85,19.85,18.9,19.0,5294.0
2019-05-30,19.75,19.8,18.65,19.45,5466.0
2019-05-31,18.85,18.85,18.05,18.1,276.0
2019-06-03,19.45,19.6,18.0,18.95,5570.0
2019-06-04,19.45,19.95,18.35,18.55,1574.0
2019-06-06,19.45,20.3,18.35,18.45,47894.0
2019-06-07,18.0,19.0,18.0,18.75,5441.0
2019-06-10,18.0,19.4,17.5,18.0,6017.0
2019-06-11,18.05,18.45,17.75,18.0,1487.0
2019-06-12,18.6,18.6,17.55,18.0,2117.0
2019-06-13,17.95,17.95,17.0,17.5,1060.0
2019-06-14,17.15,17.75,16.85,17.0,3747.0
2019-06-17,17.0,17.65,16.6,17.15,1481.0
2019-06-18,16.85,17.5,16.85,17.1,4534.0
2019-06-19,19.0,19.0,14.5,15.9,8484.0
2019-06-20,15.35,16.95,14.05,15.75,8109.0
2019-06-21,16.2,16.2,14.6,14.9,5133.0
2019-06-24,15.0,16.0,14.3,15.3,9228.0
2019-06-25,16.7,16.7,14.75,15.25,3788.0
2019-06-26,15.8,16.45,14.2,16.25,9216.0
2019-06-27,16.3,17.0,15.8,16.45,1051.0
2019-06-28,16.45,16.95,15.65,16.95,1104.0
2019-07-01,16.2,16.7,15.3,15.7,6073.0
2019-07-02,16.0,17.5,15.75,17.1,7769.0
2019-07-03,17.1,17.85,16.2,17.15,601.0
2019-07-04,17.9,17.9,16.55,17.5,2430.0
2019-07-05,16.95,17.8,16.5,16.55,1455.0
2019-07-08,17.0,17.0,15.4,15.45,2336.0
2019-07-09,15.35,15.4,15.35,15.4,301.0
2019-07-10,16.85,16.85,15.1,15.9,2252.0
2019-07-11,15.2,16.7,13.75,16.55,9467.0
2019-07-12,16.65,17.0,15.1,15.5,10824.0
2019-07-15,16.15,16.15,12.4,12.4,81487.0
2019-07-16,11.25,11.45,9.95,9.95,166650.0
2019-07-17,9.15,10.2,9.0,9.0,203465.0
2019-07-18,8.7,8.9,8.25,8.5,29067.0
2019-07-19,8.15,8.55,7.65,8.35,48530.0
2019-07-22,7.9,9.0,7.65,8.65,11479.0
2019-07-23,8.9,8.9,8.35,8.4,14326.0
2019-07-24,8.5,9.2,8.1,8.9,38600.0
2019-07-25,8.5,9.2,8.4,8.5,8399.0
2019-07-26,8.25,8.8,8.25,8.7,6052.0
2019-07-29,8.25,8.75,8.25,8.5,5270.0
2019-07-30,8.75,9.3,8.0,8.4,26730.0
2019-07-31,8.2,8.85,8.2,8.85,3196.0
2019-08-01,8.35,8.8,8.25,8.4,6838.0
2019-08-02,8.4,9.15,8.25,8.95,12980.0
2019-08-05,8.5,9.2,8.1,8.1,27548.0
2019-08-06,8.0,8.45,7.65,7.95,17032.0
2019-08-07,8.7,8.7,7.8,8.25,10492.0
2019-08-08,8.15,8.4,7.8,7.85,8811.0
2019-08-09,7.85,8.25,7.1,7.1,66689.0
2019-08-13,7.1,7.1,6.75,6.8,18891.0
2019-08-14,7.0,7.0,6.5,6.5,16291.0
2019-08-16,6.65,6.65,6.2,6.35,93339.0
2019-08-19,6.35,6.5,6.25,6.45,4312.0
2019-08-20,6.6,6.75,6.15,6.15,4912.0
2019-08-21,5.9,6.45,5.85,5.95,8638.0
2019-08-22,5.85,6.15,5.7,5.8,5117.0
2019-08-23,5.6,6.05,5.6,6.05,2577.0
2019-08-26,6.05,6.35,5.9,6.35,10045.0
2019-08-27,6.15,6.45,6.05,6.05,89828.0
2019-08-28,6.3,6.35,5.8,6.15,21298.0
2019-08-29,6.15,6.15,5.9,6.0,1520.0
2019-08-30,6.15,6.3,6.0,6.25,8716.0
2019-09-03,6.0,6.5,6.0,6.35,6637.0
2019-09-04,6.15,6.6,6.05,6.05,18680.0
2019-09-05,6.0,6.25,5.9,6.0,9930.0
2019-09-06,6.2,6.25,5.7,6.15,26986.0
2019-09-09,6.15,6.25,5.9,6.0,12292.0
2019-09-11,6.0,6.3,5.95,6.25,20228.0
2019-09-12,6.4,6.5,6.15,6.45,3481.0
2019-09-13,6.75,6.75,6.25,6.75,9062.0
2019-09-16,6.75,7.05,6.5,6.95,14720.0
2019-09-17,6.95,7.05,6.65,6.8,9677.0
2019-09-18,6.8,7.0,6.75,6.75,704.0
2019-09-19,6.55,7.05,6.5,7.0,12854.0
2019-09-20,7.25,7.25,6.7,6.95,2404.0
2019-09-23,6.8,7.2,6.8,6.85,507.0
2019-09-24,6.65,7.15,6.65,6.7,4120.0
2019-09-25,6.6,7.0,6.6,6.95,5309.0
2019-09-26,6.95,7.0,6.9,7.0,6019.0
2019-09-27,7.0,7.15,6.7,7.0,3354.0
2019-09-30,7.0,7.2,6.65,6.65,1627.0
2019-10-01,6.95,6.95,6.4,6.5,1773.0
2019-10-03,6.2,6.7,6.2,6.25,1582.0
2019-10-04,6.5,6.5,5.95,6.0,2519.0
2019-10-07,5.8,6.3,5.8,6.25,1546.0
2019-10-09,6.45,6.5,6.0,6.3,2240.0
2019-10-10,6.6,6.6,6.2,6.45,2532.0
2019-10-11,6.75,6.75,6.75,6.75,808.0
2019-10-14,7.05,7.05,7.05,7.05,3617.0
2019-10-15,7.4,7.4,7.4,7.4,8009.0
2019-10-16,7.75,7.75,7.75,7.75,7834.0
2019-10-17,7.75,8.1,7.7,7.85,5378.0
2019-10-18,7.95,8.2,7.8,8.05,1479.0
2019-10-22,7.8,7.8,7.65,7.8,2328.0
2019-10-23,7.55,7.9,7.55,7.75,2712.0
2019-10-24,7.95,7.95,7.4,7.4,1085.0
2019-10-25,7.05,7.65,7.05,7.35,1670.0
2019-10-29,7.5,7.6,7.0,7.45,2951.0
2019-10-30,7.1,7.7,7.1,7.6,661.0
2019-10-31,7.5,7.75,7.5,7.75,1593.0
2019-11-01,7.4,7.75,7.4,7.75,990.0
2019-11-04,7.4,8.1,7.4,8.0,3201.0
2019-11-05,7.95,8.4,7.6,7.6,5677.0
2019-11-06,7.95,7.95,7.25,7.7,5594.0
2019-11-07,7.35,7.65,7.35,7.65,2214.0
2019-11-08,7.5,8.0,7.3,7.3,4076.0
2019-11-11,7.0,7.65,7.0,7.65,762.0
2019-11-13,8.0,8.0,7.3,7.9,824.0
2019-11-14,7.6,7.95,7.6,7.95,3073.0
2019-11-15,8.3,8.3,7.6,7.6,1519.0
2019-11-18,7.65,7.65,7.25,7.25,7243.0
2019-11-19,7.25,7.6,6.9,7.55,2066.0
2019-11-20,7.25,7.55,7.25,7.3,451.0
2019-11-21,7.3,7.3,6.95,7.0,3118.0
2019-11-22,6.65,7.35,6.65,7.2,4055.0
2019-11-25,7.0,7.0,6.85,6.9,2897.0
2019-11-26,7.0,7.0,6.6,6.95,4945.0
2019-11-27,7.0,7.2,6.65,6.9,5376.0
2019-11-28,6.6,7.15,6.6,7.15,1337.0
2019-11-29,6.8,7.15,6.8,6.9,1471.0
2019-12-02,6.6,6.95,6.6,6.8,1590.0
2019-12-03,7.0,7.0,6.5,6.9,1381.0
2019-12-04,6.6,7.0,6.6,6.9,6030.0
2019-12-05,7.0,7.0,6.8,6.85,6525.0
2019-12-06,7.1,7.1,6.6,6.95,2640.0
2019-12-09,6.65,7.05,6.65,6.8,721.0
2019-12-10,6.95,6.95,6.6,6.95,2038.0
2019-12-11,6.75,7.25,6.75,7.2,3357.0
2019-12-12,6.95,7.2,6.85,7.05,4592.0
2019-12-13,6.8,7.15,6.7,7.1,830.0
2019-12-16,6.75,7.2,6.75,6.85,212.0
2019-12-17,6.85,7.15,6.55,6.95,610.0
2019-12-18,7.0,7.0,7.0,7.0,330.0
2019-12-19,7.0,7.0,6.65,6.75,3201.0
2019-12-20,6.85,6.95,6.45,6.8,7091.0
2019-12-23,6.95,6.95,6.65,6.95,4510.0
2019-12-24,6.95,6.95,6.65,6.9,1413.0
2019-12-26,6.6,6.95,6.6,6.7,1782.0
2019-12-27,6.55,7.0,6.45,6.95,2401.0
2019-12-30,7.0,7.0,6.65,6.95,1972.0
2019-12-31,7.0,7.0,6.7,6.95,116.0
2020-01-01,7.0,7.0,6.7,6.7,1318.0
2020-01-02,6.7,6.7,6.7,6.7,25.0
2020-01-03,7.0,7.0,6.55,6.6,2946.0
2020-01-06,6.9,6.9,6.55,6.85,2528.0
2020-01-07,6.9,6.9,6.55,6.75,882.0
2020-01-08,6.95,6.95,6.45,6.45,5499.0
2020-01-09,6.75,6.75,6.15,6.15,16254.0
2020-01-10,6.2,6.35,5.9,6.05,3151.0
2020-01-13,6.3,6.3,5.85,6.1,2442.0
2020-01-14,6.1,6.1,5.9,5.95,1864.0
2020-01-15,5.95,6.1,5.75,5.8,4907.0
2020-01-16,5.8,6.05,5.65,5.7,6621.0
2020-01-17,5.7,5.95,5.6,5.65,17694.0
2020-01-20,5.85,5.9,5.65,5.75,3084.0
2020-01-21,5.85,5.85,5.65,5.7,1812.0
2020-01-22,5.7,5.85,5.65,5.85,2168.0
2020-01-23,5.75,5.9,5.65,5.85,1715.0
2020-01-24,5.75,6.0,5.7,5.8,2527.0
2020-01-27,5.7,5.7,5.55,5.7,2749.0
2020-01-28,5.7,5.9,5.55,5.9,10518.0
2020-01-29,5.95,5.95,5.85,5.95,5695.0
2020-01-30,6.05,6.05,5.75,5.8,1529.0
2020-01-31,6.0,6.0,5.7,5.9,2509.0
2020-02-03,5.9,5.9,5.65,5.65,241.0
2020-02-04,5.55,5.55,5.4,5.4,425.0
2020-02-05,5.65,5.65,5.2,5.25,2395.0
2020-02-06,5.15,5.65,4.8,5.45,13922.0
2020-02-07,5.15,5.8,5.0,5.15,3065.0
2020-02-10,5.15,5.4,4.7,5.15,5327.0
2020-02-11,5.15,5.3,4.8,5.15,2173.0
2020-02-12,5.15,5.15,4.65,4.9,8154.0
2020-02-13,4.65,5.0,4.65,4.7,583.0
2020-02-14,4.55,5.15,4.5,4.6,10663.0
2020-02-17,4.6,4.6,4.4,4.55,5723.0
2020-02-18,4.7,4.7,4.3,4.5,677.0
2020-02-19,4.3,4.3,4.05,4.05,29742.0
2020-02-20,3.85,4.05,3.85,3.85,15078.0
2020-02-24,3.7,4.0,3.7,4.0,445006.0
2020-02-25,4.1,4.2,4.1,4.2,89115.0
2020-02-26,4.4,4.4,4.05,4.4,21970.0
2020-02-27,4.3,4.6,4.3,4.6,45251.0
2020-02-28,4.8,4.8,4.75,4.8,12788.0
2020-03-02,5.0,5.0,4.85,5.0,5528.0
2020-03-03,4.8,5.25,4.8,5.25,566.0
2020-03-04,5.5,5.5,5.5,5.5,676.0
2020-03-05,5.75,5.75,5.75,5.75,40661.0
2020-03-06,5.95,6.0,5.95,6.0,15775.0
2020-03-09,6.3,6.3,6.3,6.3,3337.0
2020-03-11,6.6,6.6,6.6,6.6,3740.0
2020-03-12,6.6,6.9,6.3,6.3,22128.0
2020-03-13,6.3,6.5,6.3,6.3,3677.0
2020-03-16,6.6,6.6,6.4,6.4,4061.0
2020-03-17,6.4,6.7,6.3,6.35,4955.0
2020-03-18,6.05,6.3,6.05,6.05,24187.0
2020-03-19,6.0,6.35,6.0,6.35,4785.0
2020-03-20,6.35,6.4,6.35,6.35,1167.0
2020-03-23,6.65,6.65,6.55,6.55,160.0
2020-03-24,6.25,6.25,6.25,6.25,140.0
2020-03-25,5.95,5.95,5.95,5.95,100.0
2020-03-26,5.7,5.7,5.7,5.7,601.0
2020-03-27,5.7,5.7,5.7,5.7,1100.0
2020-03-30,5.6,5.6,5.6,5.6,109.0
2020-03-31,5.6,5.6,5.4,5.4,400.0
2020-04-01,5.4,5.4,5.15,5.15,2292.0
2020-04-03,5.15,5.15,4.95,4.95,221.0
2020-04-07,4.95,4.95,4.95,4.95,546.0
2020-04-08,4.95,4.95,4.75,4.75,336.0
2020-04-09,4.6,4.95,4.55,4.95,478.0
2020-04-13,4.95,4.95,4.8,4.8,1510.0
2020-04-15,4.8,4.9,4.8,4.9,131.0
2020-04-16,4.95,5.1,4.95,4.95,1001.0
2020-04-17,5.15,5.15,5.15,5.15,42.0
2020-04-20,5.35,5.4,5.35,5.4,1425.0
2020-04-21,5.4,5.4,5.15,5.4,1927.0
2020-04-22,5.4,5.4,5.2,5.35,10970.0
2020-04-23,5.4,5.4,5.1,5.15,278.0
2020-04-24,5.0,5.4,4.9,5.35,8740.0
2020-04-27,5.55,5.55,5.1,5.4,11843.0
2020-04-28,5.65,5.65,5.4,5.4,1865.0
2020-04-29,5.4,5.4,5.4,5.4,260.0
2020-04-30,5.15,5.4,5.15,5.25,7415.0
2020-05-04,5.0,5.0,5.0,5.0,3665.0
2020-05-05,4.8,5.0,4.8,4.95,4175.0
2020-05-06,4.95,5.0,4.75,5.0,562.0
2020-05-07,5.0,5.0,4.75,4.75,550.0
2020-05-08,4.55,4.55,4.55,4.55,660.0
2020-05-11,4.55,4.55,4.4,4.4,122.0
2020-05-12,4.6,4.6,4.2,4.2,1109.0
2020-05-13,4.2,4.4,4.2,4.4,518.0
2020-05-14,4.25,4.25,4.2,4.2,322.0
2020-05-15,4.0,4.0,4.0,4.0,1050.0
2020-05-18,3.9,3.9,3.8,3.8,3951.0
2020-05-19,3.8,3.95,3.65,3.95,504.0
2020-05-20,3.8,4.1,3.8,4.0,1041.0
2020-05-21,4.0,4.0,3.95,3.95,2151.0
2020-05-22,3.95,4.1,3.95,3.95,2666.0
2020-05-26,3.85,4.0,3.85,4.0,275.0
2020-05-27,4.2,4.2,4.2,4.2,5.0
2020-05-28,4.25,4.4,4.25,4.4,68.0
2020-05-29,4.6,4.6,4.6,4.6,100.0
2020-06-01,4.75,4.8,4.75,4.8,3421.0
2020-06-02,5.0,5.0,5.0,5.0,872.0
2020-06-03,5.25,5.25,5.25,5.25,1303.0
2020-06-04,5.5,5.5,5.5,5.5,1458.0
2020-06-05,5.75,5.75,5.75,5.75,874.0
2020-06-08,6.0,6.0,5.85,6.0,18812.0
2020-06-09,6.0,6.0,5.9,5.9,14733.0
2020-06-10,5.65,6.1,5.65,5.9,14230.0
2020-06-11,5.7,6.15,5.65,6.0,12214.0
2020-06-12,6.0,6.0,5.7,5.7,3801.0
2020-06-15,5.7,5.95,5.5,5.6,7069.0
2020-06-16,5.7,5.85,5.35,5.85,1927.0
2020-06-17,6.0,6.1,5.95,6.1,6255.0
2020-06-18,6.25,6.4,6.25,6.3,42146.0
2020-06-19,6.5,6.6,6.05,6.6,21120.0
2020-06-22,6.9,6.9,6.9,6.9,350.0
2020-06-23,7.2,7.2,7.2,7.2,2275.0
2020-06-24,7.55,7.55,7.55,7.55,2635.0
2020-06-25,7.9,7.9,7.9,7.9,6725.0
2020-06-26,8.25,8.25,8.25,8.25,1150.0
2020-06-29,8.65,8.65,8.65,8.65,707.0
2020-06-30,9.05,9.05,9.0,9.05,16302.0
2020-07-01,9.5,9.5,8.6,8.85,30567.0
2020-07-02,8.8,8.85,8.45,8.45,7142.0
2020-07-03,8.15,8.25,8.05,8.15,5837.0
2020-07-06,8.0,8.0,7.75,7.95,11106.0
2020-07-07,7.6,7.6,7.6,7.6,2611.0
2020-07-08,7.25,7.95,7.25,7.85,2512.0
2020-07-10,7.5,7.85,7.5,7.85,5006.0
2020-07-13,7.5,7.5,7.5,7.5,200.0
2020-07-15,7.15,7.15,7.15,7.15,3800.0
2020-07-16,7.15,7.15,6.8,6.8,2600.0
2020-07-17,6.5,6.5,6.5,6.5,2100.0
2020-07-21,6.45,6.45,6.45,6.45,10.0
2020-07-22,6.15,6.15,6.15,6.15,800.0
2020-07-23,6.15,6.15,5.85,5.85,550.0
2020-07-24,5.6,6.1,5.6,6.1,338.0
2020-07-27,5.8,5.8,5.8,5.8,1005.0
2020-07-29,5.55,5.55,5.55,5.55,10.0
2020-07-31,5.3,5.3,5.3,5.3,134.0
2020-08-10,5.05,5.05,5.05,5.05,4312.0
2020-08-11,5.05,5.3,4.8,5.25,11475.0
2020-08-12,5.25,5.5,5.1,5.5,16847.0
2020-08-13,5.75,5.75,5.75,5.75,6730.0
2020-08-14,6.0,6.0,6.0,6.0,1510.0
2020-08-17,6.2,6.3,6.0,6.05,8072.0
2020-08-18,5.75,6.35,5.75,6.25,45903.0
2020-08-19,6.45,6.55,6.1,6.3,6387.0
2020-08-20,6.25,6.55,6.0,6.0,26847.0
2020-08-21,6.3,6.3,6.0,6.3,8771.0
2020-08-24,6.3,6.6,6.05,6.6,25006.0
2020-08-25,6.7,6.9,6.7,6.75,38199.0
2020-08-26,7.05,7.05,7.05,7.05,2290.0
2020-08-27,7.4,7.4,6.7,6.7,44331.0
2020-08-28,7.0,7.0,6.4,6.4,13038.0
2020-08-31,6.65,6.65,6.1,6.1,13276.0
2020-09-01,6.35,6.4,5.8,6.4,3005.0
2020-09-02,6.1,6.35,6.1,6.1,3031.0
2020-09-03,6.1,6.1,5.9,5.9,23907.0
2020-09-04,5.7,6.15,5.7,6.1,9837.0
2020-09-07,6.35,6.4,6.05,6.4,3930.0
2020-09-08,6.65,6.7,6.2,6.2,12111.0
2020-09-09,6.25,6.5,6.05,6.1,9491.0
2020-09-10,6.0,6.4,6.0,6.0,4503.0
2020-09-11,6.25,6.3,6.1,6.2,4466.0
2020-09-14,6.05,6.5,6.05,6.25,3602.0
2020-09-15,6.45,6.5,6.1,6.2,8602.0
2020-09-16,6.1,6.4,6.1,6.1,5444.0
2020-09-17,6.3,6.4,6.1,6.1,9712.0
2020-09-18,6.15,6.4,6.15,6.2,1195.0
2020-09-21,6.1,6.2,6.1,6.2,2236.0
2020-09-22,6.45,6.45,6.1,6.15,3680.0
2020-09-23,6.1,6.1,6.1,6.1,6951.0
2020-09-24,6.1,6.35,6.1,6.1,7945.0
2020-09-25,6.1,6.3,6.1,6.2,4346.0
2020-09-28,6.0,6.5,6.0,6.4,1604.0
2020-09-29,6.15,6.4,6.1,6.35,3655.0
2020-09-30,6.35,6.35,6.15,6.25,1756.0
2020-10-01,6.25,6.35,6.15,6.25,3690.0
2020-10-05,6.15,6.4,6.1,6.35,3457.0
2020-10-06,6.65,6.65,6.1,6.3,4470.0
2020-10-07,6.55,6.55,6.1,6.2,6201.0
2020-10-08,6.1,6.3,6.1,6.3,2029.0
2020-10-09,6.1,6.4,6.1,6.1,10255.0
2020-10-12,6.15,6.2,6.1,6.1,2574.0
2020-10-13,6.1,6.35,6.1,6.1,4173.0
2020-10-14,6.1,6.1,5.8,5.95,10480.0
2020-10-15,5.95,5.95,5.7,5.85,2322.0
2020-10-16,6.0,6.0,5.7,5.95,1603.0
2020-10-19,5.7,5.95,5.7,5.95,902.0
2020-10-20,5.95,5.95,5.7,5.9,1376.0
2020-10-21,6.15,6.15,5.65,5.75,8152.0
2020-10-22,5.8,5.8,5.8,5.8,1.0
2020-10-23,5.55,5.8,5.55,5.75,4082.0
2020-10-26,5.5,5.8,5.5,5.65,519.0
2020-10-27,5.8,5.8,5.4,5.45,3782.0
2020-10-28,5.7,5.7,5.2,5.65,6955.0
2020-10-29,5.65,5.65,5.5,5.5,300.0
2020-11-02,5.6,5.75,5.25,5.25,2150.0
2020-11-03,5.0,5.45,5.0,5.05,3145.0
2020-11-04,4.8,5.25,4.8,5.25,4401.0
2020-11-05,5.0,5.2,5.0,5.05,1633.0
2020-11-06,5.3,5.3,4.8,5.3,14235.0
2020-11-09,5.55,5.55,5.1,5.55,25334.0
2020-11-10,5.5,5.5,5.4,5.45,27106.0
2020-11-11,5.7,5.7,5.7,5.7,6963.0
2020-11-12,5.95,5.95,5.95,5.95,10896.0
2020-11-13,6.2,6.2,6.2,6.2,8540.0
2020-11-17,6.5,6.8,6.3,6.65,21043.0
2020-11-18,6.8,6.8,6.35,6.6,11696.0
2020-11-19,6.9,6.9,6.65,6.9,14435.0
2020-11-20,6.8,7.2,6.6,7.0,61692.0
2020-11-23,7.35,7.35,6.9,7.35,5364.0
2020-11-24,7.7,7.7,7.65,7.7,9583.0
2020-11-25,8.05,8.05,8.05,8.05,2822.0
2020-11-26,8.2,8.45,7.65,8.35,15406.0
2020-11-27,8.35,8.75,8.1,8.5,25561.0
2020-12-01,8.9,8.9,8.5,8.9,8176.0
2020-12-02,9.3,9.3,9.15,9.3,10220.0
2020-12-03,9.75,9.75,8.85,9.75,11621.0
2020-12-04,9.75,10.1,9.3,9.3,4986.0
2020-12-07,9.25,9.25,8.9,8.9,39.0
2020-12-08,8.5,9.25,8.5,8.5,8036.0
2020-12-09,8.1,8.3,8.1,8.2,3400.0
2020-12-10,8.55,8.6,7.8,8.6,4927.0
2020-12-11,8.2,9.0,8.2,9.0,1420.0
2020-12-14,9.4,9.4,8.7,9.2,2413.0
2020-12-15,8.85,9.2,8.85,9.15,1661.0
2020-12-16,9.0,9.1,8.7,9.0,7176.0
2020-12-17,9.0,9.45,9.0,9.45,15124.0
2020-12-18,9.0,9.85,9.0,9.55,6237.0
2020-12-21,9.15,9.95,9.1,9.95,24853.0
2020-12-22,9.5,10.0,9.5,9.95,5597.0
2020-12-23,10.4,10.4,9.5,10.3,475.0
2020-12-24,10.75,10.75,9.8,10.25,2537.0
2020-12-28,10.7,10.7,9.8,10.65,3900.0
2020-12-29,10.15,11.0,10.15,11.0,1209.0
2020-12-30,10.45,11.35,10.45,10.85,2008.0
2021-01-04,10.35,10.35,10.35,10.35,350.0
2021-02-01,9.85,10.45,9.85,10.45,2900.0
2021-02-08,9.95,10.0,9.95,10.0,5900.0
2021-02-09,10.0,10.5,10.0,10.5,6090.0
2021-02-12,10.4,10.4,10.4,10.4,525.0
2021-02-17,10.0,10.0,10.0,10.0,5.0
2021-02-19,9.5,9.5,9.5,9.5,200.0
2021-02-23,9.05,9.05,9.05,9.05,2456.0
2021-02-24,9.05,9.05,9.05,9.05,3781.0
2021-02-25,9.05,9.15,9.05,9.15,4052.0
2021-02-26,9.2,9.2,9.2,9.2,3285.0
2021-03-01,9.25,9.35,9.25,9.3,1217.0
2021-03-02,9.35,9.35,9.35,9.35,1925.0
2021-03-03,9.4,9.4,9.4,9.4,500.0
2021-03-04,9.4,9.4,9.4,9.4,70.0
2021-03-05,9.4,9.8,9.4,9.8,3127.0
2021-03-08,9.35,10.25,9.35,10.25,3442.0
2021-03-09,10.25,10.75,9.75,10.75,15233.0
2021-03-10,11.2,11.25,11.2,11.25,4125.0
2021-03-12,11.8,11.8,10.8,10.8,28678.0
2021-03-15,10.8,11.3,10.8,11.3,3444.0
2021-03-16,11.25,11.85,11.25,11.85,5067.0
2021-03-17,12.4,12.4,12.35,12.4,11498.0
2021-03-18,12.85,13.0,12.85,13.0,5376.0
2021-03-19,13.65,13.65,13.65,13.65,4425.0
2021-03-22,14.3,14.3,14.3,14.3,5588.0
2021-03-23,15.0,15.0,15.0,15.0,6139.0
2021-03-24,15.75,15.75,15.75,15.75,33930.0
2021-03-25,16.5,16.5,16.5,16.5,1956.0
2021-03-26,17.3,17.3,15.75,17.3,48853.0
2021-03-30,18.15,18.15,18.15,18.15,2564.0
2021-03-31,19.05,19.05,19.05,19.05,1726.0
2021-04-01,20.0,20.0,20.0,20.0,2666.0
2021-04-05,21.0,21.0,19.0,21.0,60864.0
2021-04-06,22.05,22.05,22.05,22.05,1785.0
2021-04-07,23.15,23.15,23.15,23.15,1030.0
2021-04-08,24.3,24.3,24.3,24.3,1183.0
2021-04-09,25.5,25.5,25.5,25.5,2445.0
2021-04-12,26.7,26.75,24.25,24.25,115116.0
2021-04-13,23.05,23.05,23.05,23.05,7443.0
2021-04-15,21.9,21.9,21.9,21.9,4222.0
2021-04-16,20.85,20.85,20.85,20.85,2272.0
2021-04-19,19.85,19.85,19.85,19.85,2879.0
2021-04-20,18.9,18.9,18.9,18.9,1781.0
2021-04-22,18.0,18.0,18.0,18.0,5409.0
2021-04-23,17.1,17.1,17.1,17.1,9636.0
2021-04-26,16.8,17.95,16.25,17.95,20257.0
2021-04-27,18.75,18.8,18.75,18.8,1892.0
2021-04-28,19.7,19.7,19.1,19.7,50611.0
2021-04-29,20.65,20.65,19.1,20.25,17730.0
2021-04-30,20.8,20.8,19.25,19.7,20656.0
2021-05-03,19.7,20.4,19.0,20.35,11397.0
2021-05-04,19.95,21.35,19.45,21.2,24967.0
2021-05-05,21.4,22.25,20.3,22.25,19337.0
2021-05-06,23.0,23.35,22.25,23.2,25857.0
2021-05-07,24.3,24.35,22.05,22.85,28999.0
2021-05-10,22.85,23.95,22.1,23.1,36537.0
2021-05-11,23.3,24.15,22.05,23.95,8249.0
2021-05-12,24.0,24.3,23.0,24.3,10902.0
2021-05-14,24.3,24.3,23.1,23.1,7190.0
2021-05-17,22.1,22.15,21.95,21.95,5513.0
2021-05-18,21.0,22.55,20.9,21.2,3748.0
2021-05-19,22.0,22.0,20.2,20.25,8256.0
2021-05-20,21.25,21.25,19.3,19.55,14812.0
2021-05-21,20.5,20.5,18.7,19.9,7302.0
2021-05-24,20.65,20.65,19.1,20.35,15111.0
2021-05-25,20.6,20.65,19.35,20.3,10451.0
2021-05-26,19.55,21.3,19.5,20.15,16009.0
2021-05-27,19.5,20.8,19.4,20.6,22729.0
2021-05-28,19.7,20.6,19.7,20.3,9489.0
2021-05-31,20.1,20.95,19.55,20.35,8494.0
2021-06-01,20.0,20.0,19.35,19.55,16318.0
2021-06-02,19.45,19.75,19.05,19.3,10911.0
2021-06-03,19.9,20.25,19.5,20.2,11274.0
2021-06-04,19.8,20.9,19.8,20.65,18850.0
2021-06-07,21.6,21.65,20.8,21.65,28335.0
2021-06-08,21.9,22.7,20.7,22.15,18772.0
2021-06-09,22.7,23.25,22.0,22.15,18994.0
2021-06-10,22.45,22.5,21.65,21.8,8054.0
2021-06-11,21.95,22.6,21.9,22.0,21037.0
2021-06-14,22.95,22.95,20.9,22.5,48642.0
2021-06-15,22.75,23.1,21.7,22.35,33373.0
2021-06-16,22.35,22.35,21.45,21.65,11347.0
2021-06-17,22.25,22.25,21.0,21.15,13719.0
2021-06-18,21.8,21.8,20.15,20.55,13572.0
2021-06-21,20.9,20.9,19.55,20.3,17852.0
2021-06-22,20.3,20.8,19.75,20.0,36095.0
2021-06-23,20.4,21.0,19.4,20.45,16872.0
2021-06-24,20.8,21.35,19.65,20.85,36939.0
2021-06-25,21.2,21.2,20.1,21.15,21012.0
2021-06-28,21.15,22.1,21.15,21.9,14373.0
2021-06-29,21.95,22.0,21.5,21.7,13039.0
2021-06-30,22.4,22.4,20.8,21.4,25829.0
2021-07-01,20.7,21.9,20.35,20.5,24901.0
2021-07-02,20.1,21.4,19.8,21.15,14129.0
2021-07-05,21.5,21.5,20.1,20.7,11739.0
2021-07-06,20.95,21.35,19.7,19.8,28157.0
2021-07-07,19.4,20.2,19.05,19.95,3981.0
2021-07-08,19.9,20.0,19.5,19.9,27240.0
2021-07-09,20.0,20.0,19.2,19.4,3667.0
2021-07-12,19.05,19.9,18.65,19.1,14391.0
2021-07-13,19.7,19.7,18.15,18.65,16409.0
2021-07-14,18.2,18.75,17.75,17.8,41639.0
2021-07-15,18.35,18.4,17.05,18.1,41051.0
2021-07-16,18.2,18.85,17.5,18.65,10764.0
2021-07-19,19.0,19.35,17.8,19.0,22023.0
2021-07-20,18.5,19.0,18.05,18.05,13086.0
2021-07-22,18.5,18.5,17.5,18.3,10688.0
2021-07-23,17.55,18.55,17.55,18.15,8726.0
2021-07-26,17.25,18.6,17.25,18.45,9009.0
2021-07-27,18.75,18.75,18.0,18.05,8620.0
2021-07-28,18.05,18.65,18.0,18.05,1908.0
2021-07-29,17.75,18.6,17.75,18.1,18651.0
2021-07-30,18.45,18.7,18.0,18.45,12964.0
2021-08-02,19.3,19.3,18.5,19.15,29715.0
2021-08-03,19.0,20.0,19.0,19.5,11327.0
2021-08-04,18.75,19.85,18.6,18.85,9348.0
2021-08-05,19.2,19.3,18.15,19.15,5461.0
2021-08-06,20.85,20.85,17.45,19.75,27565.0
2021-08-09,20.2,20.2,19.0,19.45,40585.0
2021-08-10,19.1,20.0,18.05,19.1,36614.0
2021-08-11,19.7,20.0,18.5,19.35,42591.0
2021-08-12,19.85,20.0,19.1,19.75,30960.0
2021-08-13,19.95,20.0,19.1,19.5,48719.0
2021-08-16,19.8,19.8,18.05,19.15,23210.0
2021-08-17,17.55,18.75,17.55,18.65,3091.0
2021-08-18,18.05,19.8,17.55,19.55,24400.0
2021-08-20,19.5,19.8,17.85,18.05,23119.0
2021-08-23,18.05,19.85,18.05,19.75,72734.0
2021-08-24,19.95,20.0,18.85,19.15,22085.0
2021-08-25,18.8,20.15,18.8,20.0,48212.0
2021-08-26,20.95,20.95,19.55,19.95,20618.0
2021-08-27,20.0,20.45,19.1,19.7,15743.0
2021-08-30,19.95,20.0,19.05,19.2,11189.0
2021-08-31,19.2,19.9,18.6,19.3,13118.0
2021-09-01,19.3,20.0,18.25,18.6,24681.0
2021-09-02,19.1,19.35,18.15,18.5,7708.0
2021-09-03,18.15,19.4,17.7,18.7,11136.0
2021-09-06,19.9,20.35,17.7,19.7,47082.0
2021-09-07,20.0,20.0,19.0,19.3,4039.0
2021-09-08,19.05,19.65,18.6,19.15,13236.0
2021-09-09,19.4,19.5,18.4,19.25,9661.0
2021-09-13,20.75,20.75,19.05,19.95,27931.0
2021-09-14,20.0,20.0,19.45,19.5,3802.0
2021-09-15,19.2,20.2,19.2,19.9,5987.0
2021-09-16,19.7,20.15,19.05,19.4,13875.0
2021-09-17,19.9,19.9,18.65,19.1,4926.0
2021-09-20,18.75,19.5,18.05,18.85,6746.0
2021-09-21,18.4,19.5,18.35,19.05,8326.0
2021-09-22,19.2,20.0,19.0,19.1,6735.0
2021-09-23,18.8,19.7,18.75,18.9,6260.0
2021-09-24,19.9,19.9,18.55,18.8,3120.0
2021-09-27,18.6,19.35,18.6,18.7,7934.0
2021-09-28,19.1,19.1,17.5,18.2,10289.0
2021-09-29,18.6,19.2,18.15,18.45,3738.0
2021-09-30,19.0,19.25,18.5,18.75,11331.0
2021-10-01,19.0,19.0,18.35,18.6,3468.0
2021-10-04,19.0,19.0,17.85,18.6,7349.0
2021-10-05,19.55,19.55,18.05,18.7,14225.0
2021-10-06,19.4,19.4,18.8,19.2,12364.0
2021-10-07,19.55,19.75,19.15,19.2,11309.0
2021-10-08,19.45,19.7,18.75,19.65,7565.0
2021-10-11,19.35,20.4,19.35,20.0,20171.0
2021-10-12,20.35,24.0,20.05,24.0,176266.0
2021-10-13,28.0,28.8,27.0,28.8,222439.0
2021-10-14,29.7,31.65,29.4,31.65,184507.0
2021-10-18,34.0,34.7,28.5,28.6,347325.0
2021-10-19,29.0,31.3,28.6,29.25,135363.0
2021-10-20,29.85,31.4,27.65,30.0,78793.0
2021-10-21,30.5,30.5,28.25,28.65,34739.0
2021-10-22,30.0,30.0,27.0,27.7,46748.0
2021-10-25,28.95,28.95,26.25,26.7,31015.0
2021-10-26,27.9,27.9,25.1,25.6,40138.0
2021-10-27,26.5,26.5,25.1,25.7,8203.0
2021-10-28,26.0,26.05,24.65,24.75,10818.0
2021-10-29,25.0,25.35,22.3,22.95,59572.0
2021-11-01,22.1,23.1,21.0,21.55,62699.0
2021-11-02,22.0,22.45,21.05,21.2,27947.0
2021-11-03,21.4,22.1,21.4,21.75,14437.0
2021-11-04,22.1,22.7,21.5,22.45,20661.0
2021-11-08,22.75,23.55,22.5,23.5,24981.0
2021-11-09,24.4,24.65,23.85,24.65,43599.0
2021-11-10,25.65,25.85,24.0,25.85,38880.0
2021-11-11,26.85,26.85,24.6,24.75,56369.0
2021-11-12,24.7,24.85,23.7,24.25,28840.0
2021-11-15,23.1,24.7,23.05,23.05,23187.0
2021-11-16,22.15,22.9,21.9,22.45,44083.0
2021-11-17,22.55,23.25,21.45,22.55,36926.0
2021-11-18,23.0,23.0,22.0,22.25,12749.0
2021-11-22,22.25,22.9,21.15,21.15,33452.0
2021-11-23,20.25,22.2,20.25,22.05,41074.0
2021-11-24,22.7,22.9,21.25,22.5,24926.0
2021-11-25,22.95,22.95,22.15,22.65,8693.0
2021-11-26,21.85,22.8,21.55,21.55,44342.0
2021-11-29,20.9,21.45,20.5,20.6,25479.0
2021-11-30,20.95,21.6,20.4,21.55,29122.0
2021-12-01,22.35,22.35,21.1,21.25,6828.0
2021-12-02,21.7,21.9,21.0,21.4,7886.0
2021-12-03,21.25,22.15,20.6,21.8,24959.0
2021-12-06,22.25,22.4,21.35,21.45,16794.0
2021-12-07,21.95,23.0,21.05,22.65,24383.0
2021-12-08,22.8,24.7,21.8,23.5,48057.0
2021-12-09,24.35,24.35,21.3,22.65,21517.0
2021-12-10,23.35,24.0,23.0,23.6,24814.0
2021-12-13,24.85,24.85,22.25,23.55,15730.0
2021-12-14,24.9,25.4,22.75,24.95,26363.0
2021-12-15,24.9,25.75,24.5,24.85,18725.0
2021-12-16,24.55,25.3,24.35,24.55,4293.0
2021-12-17,25.4,25.4,23.15,23.4,18922.0
2021-12-20,23.4,23.4,21.5,21.95,19278.0
2021-12-21,23.0,23.5,22.15,22.75,8987.0
2021-12-22,23.9,23.9,22.15,22.5,15665.0
2021-12-23,23.7,23.7,21.5,22.05,30373.0
2021-12-24,22.05,22.9,21.2,21.8,17667.0
2021-12-27,21.8,22.75,21.5,22.2,13104.0
2021-12-28,22.2,23.85,22.1,22.6,9044.0
2021-12-29,22.6,24.0,22.5,23.35,15476.0
2021-12-30,23.35,24.85,22.5,23.55,22587.0
2021-12-31,24.25,25.0,23.6,24.05,15588.0
2022-01-03,24.6,25.95,23.5,25.05,57598.0
2022-01-04,25.0,26.4,25.0,25.4,33907.0
2022-01-05,25.8,25.95,24.45,25.3,25205.0
2022-01-06,24.3,26.75,24.3,25.55,27403.0
2022-01-07,26.1,26.65,24.5,24.9,34296.0
2022-01-10,25.8,26.75,23.1,26.15,93055.0
2022-01-11,26.7,26.75,25.0,25.4,33127.0
2022-01-12,25.55,26.4,25.0,26.05,44699.0
2022-01-13,26.95,26.95,25.0,25.4,44643.0
2022-01-14,25.05,26.55,24.7,25.65,24414.0
2022-01-17,26.45,26.45,25.05,25.5,21812.0
2022-01-18,25.15,25.4,23.95,24.2,39405.0
2022-01-19,24.55,25.45,24.0,25.0,14824.0
2022-01-20,26.2,26.2,24.6,25.0,22720.0
2022-01-21,25.0,25.5,24.2,24.4,16702.0
2022-01-24,24.4,25.0,22.6,22.95,17809.0
2022-01-25,21.7,24.45,21.65,23.55,14881.0
2022-01-27,24.05,24.05,22.95,23.4,11053.0
2022-01-28,22.1,25.0,22.1,23.4,19253.0
2022-01-31,22.8,24.35,22.8,23.3,12110.0
2022-02-01,24.3,24.3,23.15,24.0,12684.0
2022-02-02,24.4,25.0,23.25,24.55,24147.0
2022-02-03,24.5,25.5,23.65,25.2,17875.0
2022-02-04,26.0,26.0,24.6,24.7,16265.0
2022-02-07,25.05,25.7,24.5,25.25,25543.0
2022-02-08,25.25,25.8,23.1,24.65,19666.0
2022-02-09,22.8,25.8,22.8,23.8,11218.0
2022-02-10,24.25,24.7,23.25,23.45,9079.0
2022-02-11,25.5,25.5,23.35,24.3,36159.0
2022-02-14,24.9,25.85,22.5,23.2,29153.0
2022-02-15,22.25,24.0,22.25,23.65,17463.0
2022-02-16,24.45,24.65,23.6,23.9,3371.0
2022-02-17,23.7,24.85,23.55,24.0,6531.0
2022-02-18,24.8,25.4,23.3,23.9,12968.0
2022-02-21,23.5,24.2,23.3,23.7,3981.0
2022-02-22,23.1,25.0,22.35,22.7,13336.0
2022-02-23,24.55,24.55,22.15,23.35,6264.0
2022-02-24,21.25,27.4,19.0,20.25,65620.0
2022-02-25,20.35,23.25,20.35,22.55,41205.0
2022-02-28,24.3,24.3,22.25,22.65,36708.0
2022-03-02,22.4,24.65,22.35,22.5,17071.0
2022-03-03,22.5,23.9,21.15,22.1,52396.0
2022-03-04,21.7,23.25,20.8,22.05,9956.0
2022-03-07,22.0,23.4,20.5,20.8,18430.0
2022-03-08,21.2,21.9,20.6,21.65,9063.0
2022-03-09,21.9,23.75,21.85,22.25,14790.0
2022-03-10,22.4,23.15,22.3,22.7,8805.0
2022-03-11,23.0,23.85,22.0,22.0,8309.0
2022-03-14,22.85,22.85,21.1,21.5,11730.0
2022-03-15,21.95,21.95,20.55,21.45,15079.0
2022-03-16,21.05,22.85,20.35,21.1,21908.0
2022-03-17,21.5,21.9,21.0,21.45,14482.0
2022-03-21,22.1,22.1,19.6,20.3,61343.0
2022-03-22,21.6,21.65,20.45,21.1,19000.0
2022-03-23,22.2,25.3,20.7,25.3,106123.0
2022-03-24,27.3,30.35,26.8,30.35,891272.0
2022-03-25,33.35,33.35,32.35,33.35,551529.0
2022-03-28,33.0,33.0,30.05,30.05,169693.0
2022-03-29,28.5,29.4,27.05,27.05,150174.0
2022-03-30,25.5,29.75,25.05,28.45,262521.0
2022-03-31,28.95,29.2,26.15,27.0,83379.0
2022-04-01,27.55,28.2,26.0,26.5,73522.0
2022-04-04,26.6,27.4,26.15,26.5,70158.0
2022-04-05,26.55,27.0,25.95,26.3,53620.0
2022-04-06,25.8,26.3,25.05,25.5,63768.0
2022-04-07,25.5,26.75,25.05,25.9,67371.0
2022-04-08,26.1,26.7,26.0,26.4,15735.0
2022-04-11,26.5,26.7,25.85,26.35,30550.0
2022-04-12,27.1,27.1,25.3,26.05,33102.0
2022-04-13,26.05,26.85,25.5,25.8,21263.0
2022-04-18,26.0,26.35,25.15,25.55,18081.0
2022-04-19,24.7,25.7,24.7,25.15,16313.0
2022-04-20,26.2,26.2,24.25,25.05,23203.0
2022-04-21,25.05,25.7,24.3,24.7,19993.0
2022-04-22,24.5,25.15,24.1,24.8,7931.0
2022-04-25,26.0,26.0,23.95,24.2,18091.0
2022-04-26,25.0,25.0,23.0,23.75,39381.0
2022-04-27,23.3,23.9,22.75,23.1,36203.0
2022-04-28,23.1,23.7,22.7,23.25,14759.0
2022-04-29,22.5,23.2,22.5,22.95,13775.0
2022-05-02,22.95,24.05,22.15,24.05,33305.0
2022-05-04,24.2,25.15,23.2,23.9,21083.0
2022-05-05,23.6,24.25,23.5,23.65,7980.0
2022-05-06,22.9,23.9,22.9,23.6,9780.0
2022-05-09,22.7,23.7,22.7,23.15,12993.0
2022-05-10,23.0,23.7,22.15,22.3,7505.0
2022-05-12,22.85,22.85,21.05,21.1,22372.0
2022-05-13,21.95,21.95,20.3,21.0,21640.0
2022-05-16,21.0,22.0,20.6,21.4,5496.0
2022-05-17,21.95,22.45,21.45,22.3,15386.0
2022-05-18,22.75,23.4,21.5,22.5,13471.0
2022-05-19,22.9,22.9,21.8,21.85,9909.0
2022-05-20,22.6,22.7,21.55,22.15,6732.0
2022-05-23,22.15,22.6,21.5,21.8,15278.0
2022-05-24,21.05,22.4,21.05,21.55,4414.0
2022-05-25,21.95,21.95,21.0,21.15,5610.0
2022-05-26,20.75,21.95,20.75,21.55,2956.0
2022-05-27,21.95,22.55,20.8,21.7,5407.0
2022-05-30,22.7,22.7,21.55,21.8,4883.0
2022-05-31,22.2,22.2,21.2,21.6,4604.0
2022-06-01,21.25,21.8,21.0,21.25,9957.0
2022-06-02,20.95,21.55,20.95,21.5,14637.0
2022-06-03,21.65,21.7,20.45,20.5,29409.0
2022-06-06,20.95,21.15,20.6,20.75,3097.0
2022-06-07,20.9,21.2,20.5,21.05,1770.0
2022-06-08,20.8,21.5,20.5,20.6,9202.0
2022-06-09,20.7,21.25,20.1,20.95,3073.0
2022-06-10,21.45,21.45,20.15,20.9,3279.0
2022-06-13,20.2,21.5,20.1,20.75,10425.0
2022-06-14,21.0,21.0,20.0,20.3,5436.0
2022-06-15,20.3,21.3,20.3,20.5,18676.0
2022-06-16,21.15,21.35,20.4,20.75,22831.0
2022-06-17,20.0,20.85,19.85,20.4,8998.0
2022-06-20,21.2,21.2,19.55,19.65,5250.0
2022-06-21,19.8,20.25,19.0,19.65,3474.0
2022-06-22,19.65,20.15,18.85,19.0,13462.0
2022-06-23,19.6,19.95,18.25,19.95,16965.0
2022-06-24,19.95,20.9,19.5,20.15,29453.0
2022-06-27,20.55,20.55,19.65,19.95,11989.0
2022-06-28,20.0,20.0,19.65,19.85,5582.0
2022-06-29,20.25,20.25,19.5,19.9,3407.0
2022-06-30,19.9,20.3,19.55,19.7,2827.0
2022-07-01,20.5,20.5,19.3,19.5,3436.0
2022-07-04,19.9,19.9,19.25,19.3,8410.0
2022-07-05,19.9,20.25,19.7,19.75,3068.0
2022-07-06,20.65,20.65,19.65,20.15,6288.0
2022-07-07,20.4,21.0,20.0,20.4,6360.0
2022-07-08,20.55,20.85,19.9,20.05,3532.0
2022-07-11,19.55,20.85,19.55,19.8,2940.0
2022-07-12,20.45,20.75,19.7,20.25,7765.0
2022-07-13,20.25,20.5,19.6,20.1,7194.0
2022-07-14,20.3,20.5,19.25,19.55,5791.0
2022-07-15,19.9,19.9,19.5,19.65,5091.0
2022-07-18,19.65,20.6,19.6,20.2,8830.0
2022-07-19,20.2,21.15,20.15,20.75,13639.0
2022-07-20,20.75,21.0,20.0,20.8,12759.0
2022-07-21,20.8,21.7,19.9,20.25,19201.0
2022-07-22,20.7,21.25,20.1,21.15,12088.0
2022-07-25,22.1,22.1,20.65,21.2,11294.0
2022-07-26,21.7,21.7,20.4,20.9,11374.0
2022-07-27,20.9,21.45,20.5,20.95,6372.0
2022-07-28,20.95,21.35,20.6,21.0,5028.0
2022-07-29,21.4,21.5,20.65,20.95,9230.0
2022-08-01,21.85,21.9,20.8,21.6,19107.0
2022-08-02,21.95,21.95,20.9,21.35,7801.0
2022-08-03,21.8,22.0,21.05,21.85,7846.0
2022-08-04,21.3,22.9,21.3,22.8,25237.0
2022-08-05,23.75,25.05,23.1,25.05,72224.0
2022-08-08,23.0,24.4,22.55,22.6,94668.0
2022-08-10,22.2,24.4,22.2,22.8,39175.0
2022-08-11,23.4,24.45,21.3,22.6,20445.0
2022-08-12,23.3,23.3,22.0,22.35,15610.0
2022-08-16,22.35,23.1,22.35,22.85,21233.0
2022-08-17,23.3,23.3,21.85,22.65,2501.0
2022-08-18,23.2,23.2,22.0,22.25,15716.0
2022-08-19,22.65,23.35,22.25,22.7,26161.0
2022-08-22,23.5,23.5,22.05,22.35,7880.0
2022-08-23,22.2,22.95,22.2,22.3,8239.0
2022-08-24,22.5,23.0,21.4,22.4,10216.0
2022-08-25,21.95,23.0,21.95,22.7,11721.0
2022-08-26,23.35,23.35,21.65,22.1,11079.0
2022-08-29,21.7,24.3,21.3,23.75,42013.0
2022-08-30,24.5,24.5,22.8,23.05,24476.0
2022-09-01,23.5,23.5,22.85,22.95,8987.0
2022-09-02,22.35,23.4,22.25,22.75,10161.0
2022-09-05,23.25,23.9,22.35,22.95,33645.0
2022-09-06,23.4,23.85,22.1,22.6,22421.0
2022-09-07,23.0,23.4,22.35,22.8,28434.0
2022-09-08,23.45,23.45,22.6,23.2,5494.0
2022-09-09,23.85,23.85,22.9,23.0,13668.0
2022-09-12,24.8,25.0,23.3,24.4,61135.0
2022-09-13,25.0,26.8,24.5,26.8,139544.0
2022-09-14,26.85,29.45,26.75,29.45,262167.0
2022-09-15,29.9,29.9,28.0,28.0,107134.0
2022-09-16,28.2,28.2,26.6,26.6,37207.0
2022-09-19,25.4,25.9,25.3,25.3,30498.0
2022-09-20,24.6,26.55,24.55,26.05,10027.0
2022-09-21,27.3,27.3,25.55,25.85,14680.0
2022-09-22,25.15,26.9,25.15,25.95,5605.0
2022-09-23,26.25,27.0,24.8,26.35,11309.0
2022-09-26,26.35,26.55,25.05,25.2,11336.0
2022-09-27,25.2,25.35,23.95,24.25,14629.0
2022-09-28,24.25,24.8,24.05,24.2,1806.0
2022-09-29,24.05,24.8,23.2,23.25,10757.0
2022-09-30,23.25,24.2,22.3,23.7,21386.0
2022-10-03,23.05,24.2,23.05,23.9,2467.0
2022-10-04,24.0,24.7,23.55,23.75,9886.0
2022-10-06,23.75,24.3,23.5,23.65,10835.0
2022-10-07,23.65,24.0,23.3,23.85,15373.0
2022-10-10,24.0,24.0,22.7,22.95,24188.0
2022-10-11,23.0,23.35,22.1,22.15,20834.0
2022-10-12,22.9,22.9,21.2,22.35,19990.0
2022-10-13,22.7,22.85,21.25,21.35,36115.0
2022-10-14,21.55,22.0,20.45,20.55,39357.0
2022-10-17,20.55,21.15,20.0,20.5,40135.0
2022-10-18,20.5,21.1,20.3,20.8,18846.0
2022-10-19,21.65,21.65,20.45,20.9,34256.0
2022-10-20,21.0,21.75,20.65,21.0,13210.0
2022-10-21,21.0,21.15,20.6,20.75,5272.0
2022-10-24,21.5,21.5,20.6,21.15,1410.0
2022-10-25,21.8,21.8,20.75,21.1,9636.0
2022-10-27,20.6,21.7,20.6,21.25,4823.0
2022-10-28,21.55,22.3,21.3,22.3,12461.0
2022-10-31,23.2,23.4,22.65,23.25,21105.0
2022-11-01,23.8,24.3,22.5,22.6,12087.0
2022-11-02,22.6,22.6,21.75,21.85,27268.0
2022-11-03,21.35,22.5,21.35,22.45,6942.0
2022-11-04,22.45,22.5,21.65,21.9,17379.0
2022-11-07,22.85,22.85,21.1,22.15,25252.0
2022-11-09,21.5,22.45,21.5,22.0,7866.0
2022-11-10,22.25,22.7,21.3,21.5,13829.0
2022-11-11,21.5,22.4,21.3,21.4,13053.0
2022-11-14,21.85,22.45,21.7,22.45,29255.0
2022-11-15,23.1,23.1,21.6,22.55,20013.0
2022-11-16,23.25,23.25,22.5,23.05,21361.0
2022-11-17,24.2,24.2,22.8,23.1,34177.0
2022-11-18,23.7,23.7,21.95,22.5,28246.0
2022-11-21,22.9,22.9,21.4,21.45,17989.0
2022-11-22,21.85,21.9,21.1,21.5,3540.0
2022-11-23,20.75,22.15,20.75,21.8,17817.0
2022-11-24,22.65,22.65,21.5,21.75,6526.0
2022-11-25,21.5,22.0,21.5,21.65,7641.0
2022-11-28,21.65,22.45,21.6,22.0,8659.0
2022-11-29,21.05,22.9,21.05,21.35,15166.0
2022-11-30,22.0,22.0,21.25,21.9,3897.0
2022-12-01,21.9,22.6,21.65,22.05,10168.0
2022-12-02,23.0,23.0,21.55,22.15,13264.0
2022-12-05,22.95,22.95,22.1,22.2,8468.0
2022-12-06,22.2,23.0,22.1,22.5,13816.0
2022-12-07,22.65,22.8,22.1,22.2,4520.0
2022-12-08,22.85,22.85,22.15,22.65,2739.0
2022-12-09,22.7,22.7,22.15,22.5,4221.0
2022-12-12,21.55,22.6,21.55,22.15,6145.0
2022-12-13,22.5,23.0,21.9,22.0,10134.0
2022-12-14,22.25,22.7,22.1,22.15,19589.0
2022-12-15,22.3,22.75,21.75,22.3,7136.0
2022-12-16,22.85,22.85,21.6,21.8,4794.0
2022-12-19,22.7,22.7,21.85,22.05,2959.0
2022-12-20,22.3,22.95,21.6,22.15,11672.0
2022-12-21,22.6,22.6,21.05,21.05,33749.0
2022-12-22,21.85,21.85,21.0,21.1,6126.0
2022-12-23,20.55,21.45,20.05,20.2,9903.0
2022-12-26,20.85,21.2,19.65,21.2,4642.0
2022-12-27,21.65,21.95,20.6,21.45,4470.0
2022-12-28,21.9,21.9,21.05,21.4,5414.0
2022-12-29,21.95,21.95,21.3,21.7,6523.0
2022-12-30,21.7,21.8,21.35,21.5,3079.0
2023-01-02,22.3,22.5,21.7,22.15,10917.0
2023-01-03,22.9,23.25,22.15,22.2,24561.0
2023-01-04,23.2,23.2,21.7,22.1,14992.0
2023-01-05,22.85,23.0,21.25,22.05,24272.0
2023-01-06,22.1,22.85,21.6,21.8,4207.0
2023-01-09,22.0,22.2,21.25,21.4,20501.0
2023-01-10,21.65,21.65,20.8,20.85,19963.0
2023-01-11,21.8,21.8,20.55,20.75,10505.0
2023-01-12,20.8,20.85,20.55,20.7,3933.0
2023-01-13,20.7,20.9,20.4,20.8,5269.0
2023-01-16,20.7,20.95,20.3,20.5,9198.0
2023-01-17,20.75,20.75,20.0,20.0,15764.0
2023-01-18,20.0,20.9,19.65,20.0,21956.0
2023-01-19,19.35,20.7,19.35,20.05,7305.0
2023-01-20,20.45,20.45,19.6,19.85,7000.0
2023-01-23,20.6,20.6,19.5,20.0,2666.0
2023-01-24,20.0,20.3,19.6,19.7,4358.0
2023-01-25,20.0,20.0,19.0,19.1,12425.0
2023-01-27,19.35,19.35,18.75,19.05,6109.0
2023-01-30,18.2,19.95,18.2,18.85,6979.0
2023-01-31,19.1,19.6,18.85,19.4,4704.0
2023-02-01,20.3,20.3,19.2,19.4,5001.0
2023-02-02,19.6,20.05,18.65,19.5,5763.0
2023-02-03,19.05,19.75,18.9,19.25,3462.0
2023-02-06,19.25,19.75,18.85,19.1,3342.0
2023-02-07,19.1,19.25,18.0,19.0,9751.0
2023-02-08,19.0,19.2,18.25,19.0,5035.0
2023-02-09,19.0,19.0,18.6,18.9,1799.0
2023-02-10,19.25,19.65,18.95,19.25,18022.0
2023-02-13,19.65,19.8,18.2,18.25,13861.0
2023-02-14,18.7,19.8,18.25,18.3,6286.0
2023-02-15,18.7,19.0,18.3,18.65,2951.0
2023-02-16,18.6,20.0,18.35,18.65,9769.0
2023-02-17,19.45,19.7,18.6,18.8,6291.0
2023-02-20,19.25,19.25,18.45,18.55,3200.0
2023-02-21,18.8,19.5,18.5,18.6,2850.0
2023-02-22,18.6,19.0,18.35,18.6,3576.0
2023-02-23,18.8,18.95,18.45,18.7,1466.0
2023-02-24,18.7,19.2,18.45,18.55,1290.0
2023-02-27,18.55,18.85,18.2,18.2,3831.0
2023-02-28,18.25,18.7,18.2,18.4,1857.0
2023-03-01,18.35,19.0,18.35,18.75,3635.0
2023-03-02,19.2,19.45,18.35,18.4,4536.0
2023-03-03,18.35,18.95,18.35,18.8,8050.0
2023-03-06,18.8,19.5,18.3,18.45,11421.0
2023-03-08,19.3,19.3,18.25,18.8,1040.0
2023-03-09,18.8,19.0,18.4,18.65,3616.0
2023-03-10,20.5,20.5,17.7,17.8,27140.0
2023-03-13,18.0,19.5,17.65,17.95,47255.0
2023-03-14,17.8,18.35,16.2,16.8,39628.0
2023-03-15,17.0,17.05,15.45,15.8,98947.0
2023-03-16,15.45,16.0,15.05,15.6,19014.0
2023-03-17,15.9,17.15,15.2,16.1,35535.0
2023-03-20,16.0,16.35,15.55,15.75,11385.0
2023-03-21,15.9,16.8,15.75,16.55,5393.0
2023-03-22,15.7,17.35,15.7,16.8,31267.0
2023-03-23,16.5,17.5,16.2,17.0,19274.0
2023-03-24,17.0,17.8,16.75,16.95,7603.0
2023-03-27,16.55,16.85,15.4,15.8,6388.0
2023-03-28,15.8,16.95,15.25,16.45,22921.0
2023-03-29,16.45,16.6,15.2,15.5,17827.0
2023-03-31,16.5,16.75,15.75,16.05,12506.0
2023-04-03,17.5,17.5,16.0,17.3,12632.0
2023-04-05,17.65,18.55,16.0,17.35,12454.0
2023-04-06,17.5,19.05,17.5,18.35,19342.0
2023-04-10,20.1,20.1,18.1,18.35,8539.0
2023-04-11,18.35,22.0,18.3,20.6,58805.0
2023-04-12,21.8,24.7,20.85,22.55,278969.0
2023-04-13,22.3,23.6,20.2,20.3,86265.0
2023-04-17,21.0,21.3,19.45,19.7,34640
2023-04-18,19.9,21.5,19.9,20.05,23598
2023-04-19,19.7,20.7,19.6,20.4,13156
2023-04-20,20.95,20.95,19.55,19.85,4495
2023-04-21,19.25,20.3,19.25,19.9,4457
2023-04-24,19.7,20.5,19.25,20.2,9861
2023-04-25,20.2,20.2,19.3,19.45,3620
2023-04-26,19.45,19.9,19.0,19.35,5880
2023-04-27,19.35,20.0,19.35,19.45,5995
2023-04-28,19.3,19.3,18.55,18.6,53236
2023-05-02,18.85,18.85,18.0,18.65,15405
2023-05-03,18.5,18.8,18.3,18.7,4152
2023-05-04,18.85,18.85,18.25,18.45,7934
2023-05-05,18.7,18.7,18.45,18.55,1869
2023-05-08,18.55,18.65,18.2,18.55,2032
2023-05-09,18.25,18.7,18.25,18.4,2205
2023-05-10,18.55,18.55,18.1,18.2,649
2023-05-11,18.2,18.6,18.2,18.35,3960
2023-05-12,18.35,18.5,18.05,18.5,3979
2023-05-15,18.9,18.9,18.2,18.25,2063
2023-05-16,18.25,18.7,18.25,18.7,6739
2023-05-17,18.6,18.7,18.3,18.5,3009
2023-05-18,18.8,19.35,18.25,18.85,10211
2023-05-19,18.8,18.8,18.5,18.55,2784
2023-05-22,18.25,19.25,18.15,18.3,2362
