Date,TTL_TRD_QNTY,NO_OF_TRADES,QTY_PER_TRADE,DELIV_QTY
2019-09-30,1700830,11136,152.73,779248
2019-10-01,526829,12282,42.89,357254
2019-10-03,452730,2564,176.57,245168
2019-10-04,1497588,3238,462.5,981377
2019-10-07,253644,2044,124.09,155433
2019-10-09,197519,1743,113.32,122510
2019-10-10,167285,1496,111.82,78566
2019-10-11,287422,1806,159.15,167976
2019-10-14,360076,2229,161.54,205017
2019-10-15,912223,2371,384.74,537262
2019-10-16,515938,2947,175.07,296109
2019-10-17,203483,1610,126.39,110571
2019-10-18,350045,2106,166.21,210537
2019-10-22,293698,1790,164.08,168078
2019-10-23,220405,1017,216.72,129340
2019-10-24,175139,1408,124.39,85112
2019-10-25,176583,1464,120.62,90582
2019-10-29,764273,2810,271.98,401355
2019-10-30,491722,3067,160.33,296961
2019-10-31,637914,4729,134.89,337175
2019-11-01,217935,1678,129.88,120262
2019-11-04,1552216,4499,345.01,1060171
2019-11-05,1086929,5489,198.02,652292
2019-11-06,611638,3628,168.59,293083
2019-11-07,2559960,6614,387.05,946824
2019-11-08,741622,4039,183.62,354612
2019-11-11,708956,3019,234.83,531462
2019-11-13,913797,3145,290.56,668931
2019-11-14,444597,2426,183.26,315187
2019-11-15,529125,3062,172.8,338640
2019-11-18,334222,1989,168.04,189283
2019-11-19,241051,1754,137.43,141013
2019-11-20,354738,2192,161.83,163396
2019-11-21,182757,1302,140.37,97905
2019-11-22,283427,1367,207.34,154561
2019-11-25,583614,1499,389.34,392868
2019-11-26,855516,1227,697.24,456910
2019-11-27,639909,3010,212.59,417782
2019-11-28,551716,3687,149.64,317775
2019-11-29,305528,1991,153.45,193685
2019-12-02,250785,1759,142.57,164437
2019-12-03,527850,3759,140.42,253465
2019-12-04,2141872,5095,420.39,962238
2019-12-05,2108499,5585,377.53,1350367
2019-12-06,3662773,15678,233.63,2022296
2019-12-09,946986,10694,88.55,643280
2019-12-10,786223,9398,83.66,578057
2019-12-11,431170,4737,91.02,281642
2019-12-12,311639,4332,71.94,230329
2019-12-13,878912,6786,129.52,680774
2019-12-16,488411,3161,154.51,413960
2019-12-17,363545,3140,115.78,259014
2019-12-18,215859,1361,158.6,143233
2019-12-19,279785,2828,98.93,167868
2019-12-20,464904,3843,120.97,355258
2019-12-23,203257,1763,115.29,118165
2019-12-24,248615,2009,123.75,126636
2019-12-26,240288,2755,87.22,128092
2019-12-27,280393,3957,70.86,158561
2019-12-30,606457,3898,155.58,385697
2019-12-31,1010044,4013,251.69,599956
2020-01-01,318811,2625,121.45,136127
2020-01-02,484555,3002,161.41,312388
2020-01-03,662431,2574,257.35,481649
2020-01-06,710100,3346,212.22,561305
2020-01-07,678947,4955,137.02,546429
2020-01-08,1621231,4083,397.07,1342437
2020-01-09,1178112,6766,174.12,571197
2020-01-10,971384,8138,119.36,559765
2020-01-13,3631042,20019,181.38,2021254
2020-01-14,1152869,4583,251.55,575644
2020-01-15,4115753,17038,241.56,2025741
2020-01-16,5700059,16224,351.33,3345978
2020-01-17,1610725,5996,268.63,797109
2020-01-20,1876537,6896,272.12,1251895
2020-01-21,673004,4273,157.5,376335
2020-01-22,651378,9296,70.07,395301
2020-01-23,845876,2706,312.59,674733
2020-01-24,466198,3866,120.59,212641
2020-01-27,1162481,5739,202.56,753905
2020-01-28,2877338,9129,315.19,1333936
2020-01-29,498263,2329,213.94,257280
2020-01-30,255481,859,297.42,185842
2020-01-31,227638,1081,210.58,129406
2020-02-03,184549,1551,118.99,117072
2020-02-04,298328,1428,208.91,193239
2020-02-05,347057,1527,227.28,248613
2020-02-06,427472,1386,308.42,305668
2020-02-07,436987,1532,285.24,314173
2020-02-10,312439,712,438.82,230733
2020-02-11,334648,1699,196.97,224742
2020-02-12,429625,1744,246.34,284197
2020-02-13,361542,841,429.9,199172
2020-02-14,188413,1484,126.96,117479
2020-02-17,248015,966,256.74,136349
2020-02-18,239389,1478,161.97,138487
2020-02-19,280793,1168,240.4,214900
2020-02-20,522721,3103,168.46,199017
2020-02-24,214219,766,279.66,124512
2020-02-25,195450,653,299.31,102678
2020-02-26,774790,1614,480.04,626205
2020-02-27,954305,3889,245.39,594495
2020-02-28,409915,1038,394.91,287330
2020-03-02,185729,695,267.24,121772
2020-03-03,128231,707,181.37,99808
2020-03-04,241867,1240,195.05,155386
2020-03-05,464270,1985,233.89,190140
2020-03-06,244967,1102,222.29,184740
2020-03-09,540421,1771,305.15,412968
2020-03-11,153998,929,165.77,97216
2020-03-12,1701612,6188,274.99,1441462
2020-03-13,911368,3550,256.72,722764
2020-03-16,804429,8467,95.01,631242
2020-03-17,302031,5009,60.3,180275
2020-03-18,724210,3512,206.21,589361
2020-03-19,487467,3303,147.58,368705
2020-03-20,643636,2075,310.19,544500
2020-03-23,837952,4457,188.01,639526
2020-03-24,206664,2030,101.8,90812
2020-03-25,317030,3055,103.77,134991
2020-03-26,111865,1047,106.84,71231
2020-03-27,118388,1631,72.59,67698
2020-03-30,52169,822,63.47,29428
2020-03-31,102936,1108,92.9,48431
2020-04-01,43527,708,61.48,22917
2020-04-03,33725,618,54.57,23780
2020-04-07,410611,2553,160.83,368925
2020-04-08,295088,2138,138.02,217535
2020-04-09,700011,7298,95.92,553289
2020-04-15,995843,10137,98.24,712495
2020-04-16,917890,14837,61.86,677158
2020-04-17,855664,21418,39.95,612427
2020-04-20,670972,5688,117.96,488500
2020-04-21,239950,1667,143.94,156788
2020-04-22,230371,2949,78.12,148105
2020-04-23,264866,2903,91.24,175656
2020-04-24,196720,1320,149.03,144945
2020-04-27,188847,1208,156.33,119552
2020-04-28,257313,1581,162.75,213502
2020-04-29,469383,2663,176.26,315293
2020-04-30,527545,2261,233.32,403142
2020-05-04,239324,1659,144.26,136193
2020-05-05,136593,1138,120.03,95028
2020-05-06,118710,985,120.52,70915
2020-05-07,89360,819,109.11,59118
2020-05-08,107035,869,123.17,74154
2020-05-11,106697,797,133.87,75648
2020-05-12,132161,1036,127.57,81084
2020-05-13,173727,1268,137.01,112147
2020-05-14,119114,966,123.31,66810
2020-05-15,90887,736,123.49,63265
2020-05-18,105117,903,116.41,71443
2020-05-19,130288,902,144.44,78517
2020-05-20,108907,944,115.37,66995
2020-05-21,76775,648,118.48,33486
2020-05-22,107102,832,128.73,55291
2020-05-26,93558,707,132.33,57071
2020-05-27,71358,636,112.2,43831
2020-05-28,153284,1208,126.89,86790
2020-05-29,243689,1409,172.95,148426
2020-06-01,575180,2684,214.3,479858
2020-06-02,562535,4244,132.55,337887
2020-06-03,468766,3016,155.43,282329
2020-06-04,309052,2652,116.54,165482
2020-06-05,1528237,7140,214.04,880881
2020-06-08,901629,6182,145.85,590713
2020-06-09,322479,2339,137.87,180266
2020-06-10,285544,1728,165.25,197896
2020-06-11,234248,1638,143.01,142724
2020-06-12,299513,2352,127.34,159494
2020-06-15,250891,1763,142.31,141822
2020-06-16,181257,1616,112.16,94326
2020-06-17,211499,1846,114.57,127964
2020-06-18,315094,2110,149.33,171321
2020-06-19,337426,2273,148.45,169050
2020-06-22,278640,2094,133.07,150990
2020-06-23,491916,3135,156.91,210635
2020-06-24,341984,2358,145.03,188419
2020-06-25,366794,2325,157.76,148575
2020-06-26,389422,2530,153.92,189292
2020-06-29,201298,1353,148.78,126785
2020-06-30,200596,1494,134.27,109613
2020-07-01,223457,2379,93.93,107693
2020-07-02,324864,2502,129.84,208848
2020-07-03,583541,3484,167.49,347175
2020-07-06,671444,3291,204.02,387463
2020-07-07,2332124,8211,284.02,1110829
2020-07-08,4446479,22382,198.66,1730065
2020-07-09,1753822,8935,196.29,561334
2020-07-10,447870,2757,162.45,203899
2020-07-13,348763,2497,139.67,124542
2020-07-14,255832,2046,125.04,117874
2020-07-15,318974,2603,122.54,137422
2020-07-16,238749,1705,140.03,140629
2020-07-17,222620,1425,156.22,104938
2020-07-20,596522,4291,139.02,225260
2020-07-21,354642,2406,147.4,161728
2020-07-22,371099,2284,162.48,215622
2020-07-23,244996,1507,162.57,152172
2020-07-24,225720,1733,130.25,126343
2020-07-27,268801,2135,125.9,173858
2020-07-28,281073,1359,206.82,150477
2020-07-29,494051,2718,181.77,239135
2020-07-30,338896,2016,168.1,189608
2020-07-31,250922,1649,152.17,158611
2020-08-03,255581,1012,252.55,215652
2020-08-04,320873,3866,83.0,183721
2020-08-05,297976,1301,229.04,186661
2020-08-06,282363,1818,155.32,138533
2020-08-07,766704,5584,137.3,384221
2020-08-10,594242,4620,128.62,238067
2020-08-11,362989,4346,83.52,184403
2020-08-12,815209,5498,148.27,462649
2020-08-13,585371,4775,122.59,294606
2020-08-14,1029631,7970,129.19,374740
2020-08-17,860901,4359,197.5,356296
2020-08-18,686748,3647,188.3,301897
2020-08-19,697574,3372,206.87,358232
2020-08-20,3624261,16125,224.76,1274094
2020-08-21,1101593,5529,199.24,570753
2020-08-24,729043,6701,108.8,374290
2020-08-25,2179078,9325,233.68,1032095
2020-08-26,651753,3578,182.16,321083
2020-08-27,474823,2277,208.53,257669
2020-08-28,387079,2125,182.15,240400
2020-08-31,517532,3742,138.3,312388
2020-09-01,221371,1679,131.85,109218
2020-09-02,161640,1075,150.36,86993
2020-09-03,225062,1391,161.8,102515
2020-09-04,213245,1116,191.08,127917
2020-09-07,265048,1531,173.12,105406
2020-09-08,301170,2065,145.85,180008
2020-09-09,298347,1916,155.71,217306
2020-09-10,1415974,6308,224.47,461396
2020-09-11,559617,3846,145.51,213766
2020-09-14,510986,2983,171.3,305295
2020-09-15,253735,1643,154.43,129726
2020-09-16,315987,1757,179.84,182427
2020-09-17,496796,2950,168.41,269023
2020-09-18,2353465,13206,178.21,1543178
2020-09-21,814210,6554,124.23,417692
2020-09-22,1152856,5950,193.76,686576
2020-09-23,415737,3734,111.34,152231
2020-09-24,373817,2170,172.27,219509
2020-09-25,278913,2055,135.72,116542
2020-09-29,4536965,19894,228.06,1470833
2020-09-30,1568107,11750,133.46,506351
2020-10-01,2549491,14495,175.89,879372
2020-10-05,598009,5054,118.32,253879
2020-10-06,2024769,6679,303.15,1252042
2020-10-07,544950,3906,139.52,213018
2020-10-08,505808,3848,131.45,220917
2020-10-09,446604,3176,140.62,147785
2020-10-12,503945,3809,132.3,161730
2020-10-13,215950,1953,110.57,94071
2020-10-14,155565,1388,112.08,61373
2020-10-15,179064,1829,97.9,83680
2020-10-16,179505,1598,112.33,73558
2020-10-19,134050,1429,93.81,57540
2020-10-20,523678,3842,136.3,226816
2020-10-21,787302,4588,171.6,525231
2020-10-22,271340,1503,180.53,171513
2020-10-23,654915,4722,138.69,240194
2020-10-26,483638,3222,150.1,224337
2020-10-27,4139264,21793,189.94,897398
2020-10-28,1767839,12836,137.73,576013
2020-10-29,1282574,8229,155.86,426171
2020-10-30,1370698,9525,143.91,389942
2020-11-02,540846,3745,144.42,245906
2020-11-03,524280,4300,121.93,216174
2020-11-04,442963,3460,128.02,115974
2020-11-05,760823,4566,166.63,309078
2020-11-06,280636,2205,127.27,121254
2020-11-09,340582,2657,128.18,178469
2020-11-10,619278,4472,138.48,200208
2020-11-11,5451606,18795,290.06,1262470
2020-11-12,2741933,21842,125.53,941295
2020-11-13,5177041,29307,176.65,1363653
2020-11-17,8558156,47181,181.39,1738426
2020-11-18,2140436,19148,111.78,1001670
2020-11-19,2038778,19330,105.47,905738
2020-11-20,1153654,12988,88.82,475882
2020-11-23,583216,7116,81.96,304629
2020-11-24,810207,10369,78.14,435773
2020-11-25,1182576,12782,92.52,431119
2020-11-26,822888,8140,101.09,340220
2020-11-27,435608,6717,64.85,223946
2020-12-01,539626,5241,102.96,304825
2020-12-02,339931,4128,82.35,172381
2020-12-03,526960,6074,86.76,245982
2020-12-04,425724,4225,100.76,271551
2020-12-07,705546,5792,121.81,336147
2020-12-08,450825,3822,117.96,257478
2020-12-09,361558,3590,100.71,219582
2020-12-10,1421344,12395,114.67,594624
2020-12-11,889816,6100,145.87,459875
2020-12-14,275329,3616,76.14,162806
2020-12-15,265146,3075,86.23,171950
2020-12-16,296457,3333,88.95,183450
2020-12-17,288965,3365,85.87,182760
2020-12-18,1762722,12418,141.95,806996
2020-12-21,756657,7467,101.33,440649
2020-12-22,567277,8224,68.98,296476
2020-12-23,421821,7680,54.92,204132
2020-12-24,397567,5600,70.99,238877
2020-12-28,2473873,16269,152.06,1564782
2020-12-29,1366921,13838,98.78,646645
2020-12-30,5755830,26613,216.28,2548707
2020-12-31,3356904,24438,137.36,1541472
2021-01-01,1286051,10172,126.43,703491
2021-01-04,1016009,11038,92.05,623451
2021-01-05,559119,6523,85.72,338344
2021-01-06,514885,5048,102.0,302696
2021-01-07,538597,5345,100.77,271355
2021-01-08,536732,5103,105.18,276385
2021-01-11,644105,5672,113.56,381573
2021-01-12,346227,4596,75.33,165801
2021-01-13,333869,4179,79.89,220305
2021-01-14,225591,2534,89.03,144002
2021-01-15,296470,3940,75.25,189341
2021-01-18,600606,7616,78.86,323523
2021-01-19,577770,5404,106.92,320433
2021-01-20,429900,4513,95.26,236597
2021-01-21,420338,4571,91.96,205547
2021-01-22,304214,2830,107.5,168557
2021-01-25,1939148,20005,96.93,716122
2021-01-27,360978,3828,94.3,139488
2021-01-28,392410,4340,90.42,151210
2021-01-29,233272,2437,95.72,104890
2021-02-01,416441,3442,120.99,238541
2021-02-02,687822,4777,143.99,491877
2021-02-03,328730,4960,66.28,178744
2021-02-04,1694185,16326,103.77,1035363
2021-02-05,1622243,17177,94.44,858883
2021-02-08,862852,8218,105.0,493139
2021-02-09,445790,3764,118.44,269097
2021-02-10,478235,4058,117.85,152105
2021-02-11,666081,5647,117.95,309289
2021-02-12,657084,7762,84.65,302750
2021-02-15,574408,13865,41.43,129602
2021-02-16,332750,3857,86.27,125972
2021-02-17,868406,8687,99.97,229842
2021-02-18,645467,11553,55.87,182149
2021-02-19,428267,4635,92.4,148082
2021-02-22,547230,7769,70.44,211801
2021-02-23,2725985,22620,120.51,783788
2021-02-24,1133403,9524,119.0,562757
2021-02-25,769944,7631,100.9,355778
2021-02-26,710267,6712,105.82,269158
2021-03-01,667805,4464,149.6,425557
2021-03-02,1308454,10722,122.03,532169
2021-03-03,4755799,31654,150.24,2166283
2021-03-04,7117520,53911,132.02,2532856
2021-03-05,5632966,40263,139.9,1505537
2021-03-08,2506186,17764,141.08,874830
2021-03-09,1665271,12847,129.62,687435
2021-03-10,2283331,21144,107.99,454156
2021-03-12,1473526,14346,102.71,577485
2021-03-15,1072540,9823,109.19,441319
2021-03-16,1187564,18346,64.73,286127
2021-03-17,3200143,26705,119.83,1206472
2021-03-18,1441725,16696,86.35,494144
2021-03-19,773539,9502,81.41,305147
2021-03-22,1209969,8904,135.89,545210
2021-03-23,600500,7404,81.1,183904
2021-03-24,472531,4392,107.59,233179
2021-03-25,506919,5197,97.54,240417
2021-03-26,721339,4609,156.51,487171
2021-03-30,411918,6013,68.5,138718
2021-03-31,319605,3629,88.07,130163
2021-04-01,421231,4903,85.91,199194
2021-04-05,492875,3863,127.59,277611
2021-04-06,294680,3506,84.05,152182
2021-04-07,302563,3201,94.52,149073
2021-04-08,548533,4529,121.12,162611
2021-04-09,1351203,13781,98.05,468117
2021-04-12,1431040,21961,65.16,705445
2021-04-13,639307,9426,67.82,243890
2021-04-15,615957,14150,43.53,218530
2021-04-16,333431,7149,46.64,153754
2021-04-19,421821,5502,76.67,213723
2021-04-20,1269716,17990,70.58,389546
2021-04-22,628586,7752,81.09,223759
2021-04-23,399080,4583,87.08,138340
2021-04-26,402124,5147,78.13,160157
2021-04-27,395314,4448,88.87,218927
2021-04-28,1051639,7766,135.42,512867
2021-04-29,592231,6221,95.2,243336
2021-04-30,449648,8025,56.03,258215
2021-05-03,1024489,10095,101.48,393729
2021-05-04,1575226,11818,133.29,632743
2021-05-05,1403761,12344,113.72,614067
2021-05-06,2049773,19284,106.29,685056
2021-05-07,755546,8105,93.22,311916
2021-05-10,647341,6535,99.06,280593
2021-05-11,1395463,12063,115.68,424624
2021-05-12,452092,4414,102.42,206427
2021-05-14,354302,4245,83.46,149641
2021-05-17,559097,5684,98.36,265825
2021-05-18,8971143,44888,199.86,2549292
2021-05-19,4511268,39310,114.76,1534932
2021-05-20,3645691,34240,106.47,1015341
2021-05-21,4689771,37392,125.42,1284519
2021-05-24,1296556,11006,117.8,508037
2021-05-25,1816449,17230,105.42,842669
2021-05-26,4687366,37211,125.97,1140279
2021-05-27,1246862,10526,118.46,548647
2021-05-28,2188206,18388,119.0,802106
2021-05-31,1521360,14855,102.41,608413
2021-06-01,1196426,10951,109.25,264888
2021-06-02,2498343,27340,91.38,565741
2021-06-03,1739942,16472,105.63,358144
2021-06-04,841022,7523,111.79,314816
2021-06-07,2453577,22087,111.09,1066691
2021-06-08,893587,8322,107.38,346626
2021-06-09,8940878,69151,129.29,2667804
2021-06-10,3667127,27853,131.66,855971
2021-06-11,1872634,31619,59.22,667900
2021-06-14,1849849,13345,138.62,580293
2021-06-15,2333287,22831,102.2,825887
2021-06-16,2907158,29080,99.97,674822
2021-06-17,4174926,32732,127.55,1121074
2021-06-18,2193415,21979,99.8,528446
2021-06-21,1860646,18840,98.76,550806
2021-06-22,1379587,14527,94.97,372427
2021-06-23,1201055,13881,86.53,310852
2021-06-24,2046102,23454,87.24,481015
2021-06-25,13124195,107121,122.52,2451693
2021-06-28,2151578,23848,90.22,513719
2021-06-29,2515540,24893,101.05,799243
2021-06-30,1902254,43165,44.07,711452
2021-07-01,1322253,17556,75.32,440867
2021-07-02,1915612,24516,78.14,804422
2021-07-05,1060863,13186,80.45,476454
2021-07-06,1365591,15219,89.73,560629
2021-07-07,1053303,11890,88.59,325584
2021-07-08,1263453,17395,72.63,450529
2021-07-09,532051,6983,76.19,122916
2021-07-12,1285036,17581,73.09,346131
2021-07-13,807186,9329,86.52,204353
2021-07-14,732138,13250,55.26,171152
2021-07-15,808621,12880,62.78,207647
2021-07-16,2706634,27621,97.99,778663
2021-07-19,1691575,17205,98.32,573249
2021-07-20,960842,10944,87.8,309247
2021-07-22,3907732,37020,105.56,1124345
2021-07-23,1226672,16073,76.32,397386
2021-07-26,1088341,13010,83.65,301531
2021-07-27,778826,10768,72.33,310428
2021-07-28,914939,10850,84.33,351205
2021-07-29,622721,8837,70.47,184185
2021-07-30,1572836,17039,92.31,357760
2021-08-02,1017667,10320,98.61,394230
2021-08-03,377319,6189,60.97,139460
2021-08-04,777689,10603,73.35,394245
2021-08-05,702347,8285,84.77,288951
2021-08-06,695787,8414,82.69,226813
2021-08-09,590469,7634,77.35,247958
2021-08-10,2556930,37923,67.42,710804
2021-08-11,1284432,12838,100.05,528429
2021-08-12,1054075,14904,70.72,234314
2021-08-13,619617,8089,76.6,187748
2021-08-16,457415,6621,69.09,204741
2021-08-17,516774,6311,81.88,179701
2021-08-18,312386,7136,43.78,118578
2021-08-20,580927,9042,64.25,258377
2021-08-23,1008288,13521,74.57,399917
2021-08-24,1941131,26890,72.19,629369
2021-08-25,1340299,18816,71.23,292123
2021-08-26,644161,12229,52.67,204640
2021-08-27,625958,10838,57.76,136784
2021-08-30,733939,9947,73.78,255665
2021-08-31,366889,6026,60.88,121987
2021-09-01,284007,5820,48.8,105601
2021-09-02,292972,7199,40.7,83955
2021-09-03,545279,8611,63.32,161506
2021-09-06,353360,6212,56.88,132313
2021-09-07,302514,5200,58.18,117259
2021-09-08,476679,8310,57.36,113159
2021-09-09,999133,13159,75.93,297167
2021-09-13,501821,7917,63.39,244804
2021-09-14,486291,5747,84.62,289772
2021-09-15,935522,10545,88.72,501321
2021-09-16,406650,5126,79.33,192706
2021-09-17,537642,7416,72.5,249871
2021-09-20,348155,4596,75.75,157711
2021-09-21,329479,6169,53.41,135925
2021-09-22,925318,11405,81.13,306406
2021-09-23,355342,4000,88.84,202577
2021-09-24,485884,8774,55.38,215529
2021-09-27,399339,5991,66.66,142740
2021-09-28,275048,5953,46.2,100366
2021-09-29,236700,5072,46.67,94477
2021-09-30,267006,5906,45.21,134035
2021-10-01,246106,3124,78.78,116273
2021-10-04,727870,11229,64.82,319634
2021-10-05,1519189,17074,88.98,652599
2021-10-06,2385400,30860,77.3,946978
2021-10-07,1252654,17519,71.5,476422
2021-10-08,606884,7082,85.69,313910
2021-10-11,329507,4824,68.31,146337
2021-10-12,488006,8614,56.65,243311
2021-10-13,521613,11889,43.87,302596
2021-10-14,599003,10979,54.56,288669
2021-10-18,533261,9196,57.99,323654
2021-10-19,559922,9909,56.51,220152
2021-10-20,730037,13268,55.02,344695
2021-10-21,283719,6539,43.39,124280
2021-10-22,395677,9816,40.31,176283
2021-10-25,608186,16544,36.76,226440
2021-10-26,386023,10597,36.43,169971
2021-10-27,1205740,18914,63.75,387719
2021-10-28,293232,6093,48.13,139872
2021-10-29,385177,6541,58.89,153620
2021-11-01,233576,4258,54.86,103565
2021-11-02,3358386,41567,80.79,990195
2021-11-03,1288336,18747,68.72,479019
2021-11-04,1288336,18747,68.72,479019
2021-11-08,5149542,54982,93.66,1996612
2021-11-09,3506814,41933,83.63,1354765
2021-11-10,3148649,37080,84.92,1004396
2021-11-11,1337009,19601,68.21,421690
2021-11-12,997431,14500,68.79,337036
2021-11-15,1075195,15779,68.14,445081
2021-11-16,549185,9387,58.5,200321
2021-11-17,613020,8220,74.58,223607
2021-11-18,467139,8325,56.11,180264
2021-11-22,832144,15711,52.97,281569
2021-11-23,601995,12809,47.0,211178
2021-11-24,2615624,32833,79.66,703049
2021-11-25,1048986,17139,61.2,288834
2021-11-26,946580,16705,56.66,477408
2021-11-29,580413,13431,43.21,173270
2021-11-30,1176782,19144,61.47,316611
2021-12-01,827381,14838,55.76,219166
2021-12-02,883359,16156,54.68,266380
2021-12-03,505968,12319,41.07,180757
2021-12-06,374915,6255,59.94,149579
2021-12-07,306392,5706,53.7,82229
2021-12-08,1002444,19296,51.95,360239
2021-12-09,409246,6741,60.71,132168
2021-12-10,478380,8798,54.37,141247
2021-12-13,956204,15789,60.56,274684
2021-12-14,1147331,15218,75.39,441030
2021-12-15,4136828,52742,78.44,1316655
2021-12-16,1445847,21593,66.96,489885
2021-12-17,785967,10552,74.49,290048
2021-12-20,1074636,13260,81.04,440618
2021-12-21,851152,12800,66.5,258698
2021-12-22,717816,10473,68.54,256104
2021-12-23,10742052,104169,103.12,2164458
2021-12-24,4799710,65046,73.79,764828
2021-12-27,7326826,77285,94.8,1238243
2021-12-28,2071004,26067,79.45,592025
2021-12-29,1467764,16932,86.69,286200
2021-12-30,1183160,14944,79.17,309206
2021-12-31,1033101,13607,75.92,335190
2022-01-03,1075078,11878,90.51,289956
2022-01-04,1102984,14242,77.45,313110
2022-01-05,969365,12591,76.99,316326
2022-01-06,1186175,15147,78.31,279907
2022-01-07,1283153,14508,88.44,378154
2022-01-10,1107949,13992,79.18,377618
2022-01-11,1809379,18700,96.76,445246
2022-01-12,5979727,67316,88.83,1264653
2022-01-13,2337373,32136,72.73,664141
2022-01-14,985040,12606,78.14,323607
2022-01-17,1287882,14419,89.32,489687
2022-01-18,5335289,57159,93.34,1183559
2022-01-19,2006417,25438,78.87,477660
2022-01-20,763409,10698,71.36,240920
2022-01-21,1202624,15989,75.22,424978
2022-01-24,1004957,17217,58.37,312073
2022-01-25,1294641,23554,54.96,322932
2022-01-27,1429349,22190,64.41,459186
2022-01-28,1002107,15969,62.75,335999
2022-01-31,1771404,24068,73.6,259006
2022-02-01,961655,14997,64.12,207650
2022-02-02,1300691,18438,70.54,380560
2022-02-03,589553,7956,74.1,240049
2022-02-04,645432,10782,59.86,185339
2022-02-07,1433111,18781,76.31,588369
2022-02-08,1114324,18247,61.07,331535
2022-02-09,1040687,17842,58.33,258705
2022-02-10,647823,10301,62.89,238108
2022-02-11,493548,9125,54.09,172500
2022-02-14,805367,13470,59.79,327514
2022-02-15,907275,16649,54.49,315450
2022-02-16,1036188,13486,76.83,350567
2022-02-17,597651,8544,69.95,263504
2022-02-18,721762,12244,58.95,219857
2022-02-21,981577,13734,71.47,310478
2022-02-22,798045,11738,67.99,165031
2022-02-23,591693,9728,60.82,149934
2022-02-24,963131,14416,66.81,415330
2022-02-25,996425,10936,91.11,400437
2022-02-28,853126,10351,82.42,248084
2022-03-02,603486,12164,49.61,197364
2022-03-03,659276,8432,78.19,189511
2022-03-04,766843,14927,51.37,361827
2022-03-08,928085,13854,66.99,218527
2022-03-09,901891,13938,64.71,234014
2022-03-10,699773,16149,43.33,256591
2022-03-11,576829,12757,45.22,210779
2022-03-14,1034243,18293,56.54,388290
2022-03-15,438768,7683,57.11,136195
2022-03-16,446611,6473,69.0,140486
2022-03-17,729046,9224,79.04,243694
2022-03-21,1921817,19593,98.09,670522
2022-03-22,922910,13076,70.58,344834
2022-03-23,1238472,15830,78.24,358382
2022-03-24,530372,5514,96.19,196635
2022-03-25,947971,11319,83.75,235860
2022-03-28,611070,8997,67.92,219322
2022-03-29,793910,8199,96.83,308369
2022-03-30,545970,8025,68.03,224999
2022-03-31,443789,8377,52.98,158559
2022-04-01,604903,7559,80.02,205551
2022-04-04,483829,6092,79.42,190355
2022-04-05,701087,8876,78.99,219168
2022-04-06,955070,14134,67.57,302445
2022-04-07,510993,9489,53.85,161544
2022-04-08,1051754,10375,101.37,534693
2022-04-11,485937,5718,84.98,157563
2022-04-12,1204833,17779,67.77,274627
2022-04-13,699721,9556,73.22,185816
2022-04-18,434084,5805,74.78,134244
2022-04-19,382837,5671,67.51,99505
2022-04-20,839145,8925,94.02,367310
2022-04-21,4628290,44860,103.17,1058510
2022-04-22,2061006,24544,83.97,548342
2022-04-25,1040982,14139,73.62,259598
2022-04-26,601033,7256,82.83,147506
2022-04-27,550470,6182,89.04,135533
2022-04-28,410793,5371,76.48,116982
2022-04-29,585527,6791,86.22,120498
2022-05-02,515572,6260,82.36,171863
2022-05-04,535639,7863,68.12,110736
2022-05-05,392243,6300,62.26,105409
2022-05-06,443234,11245,39.42,165453
2022-05-09,690346,18118,38.1,312101
2022-05-10,1161556,32012,36.29,397134
2022-05-12,540600,7331,73.74,139642
2022-05-13,699733,14831,47.18,221635
2022-05-16,471010,7241,65.05,136203
2022-05-17,754839,16031,47.09,231266
2022-05-18,681944,11572,58.93,242509
2022-05-19,362360,13540,26.76,162692
2022-05-20,681622,13529,50.38,207127
2022-05-23,1105123,16158,68.39,332217
2022-05-24,584038,8916,65.5,188009
2022-05-25,415805,8295,50.13,106994
2022-05-26,591432,9321,63.45,208218
2022-05-27,1010089,18751,53.87,379904
2022-05-30,479247,5570,86.04,167441
2022-05-31,316191,4622,68.41,92789
2022-06-01,386357,5235,73.8,116483
2022-06-02,327071,8523,38.38,104267
2022-06-03,493699,9691,50.94,161950
2022-06-06,623939,7974,78.25,161734
2022-06-07,293415,4252,69.01,70696
2022-06-08,307988,4215,73.07,73232
2022-06-09,153034,2575,59.43,42985
2022-06-10,265502,3485,76.18,69606
2022-06-13,504125,6955,72.48,313436
2022-06-14,266664,4585,58.16,79908
2022-06-15,235951,3440,68.59,107800
2022-06-16,353900,5402,65.51,124166
2022-06-17,277529,6615,41.95,86435
2022-06-20,406223,6796,59.77,160299
2022-06-21,304961,5078,60.06,108708
2022-06-22,627003,9288,67.51,120247
2022-06-23,429230,8010,53.59,87925
2022-06-24,291502,4640,62.82,76813
2022-06-27,171201,3559,48.1,77106
2022-06-28,119741,2874,41.66,47925
2022-06-29,173526,3041,57.06,49944
2022-06-30,372690,6212,60.0,69968
2022-07-01,292486,5977,48.94,69897
2022-07-04,145832,2544,57.32,42320
2022-07-05,320325,5096,62.86,107615
2022-07-06,534906,6181,86.54,170177
2022-07-07,307887,5500,55.98,110461
2022-07-08,441243,6624,66.61,188396
2022-07-11,212637,4015,52.96,58891
2022-07-12,189801,3296,57.59,52450
2022-07-13,185687,2878,64.52,70650
2022-07-14,182344,3487,52.29,73797
2022-07-15,165170,3841,43.0,54971
2022-07-18,207286,6660,31.12,90518
2022-07-19,149131,3365,44.32,67502
2022-07-20,262683,5677,46.27,94270
2022-07-21,582784,10196,57.16,215749
2022-07-22,631141,8946,70.55,151268
2022-07-25,206482,5876,35.14,58469
2022-07-26,171954,4217,40.78,67324
2022-07-27,144620,3745,38.62,55415
2022-07-28,252020,4409,57.16,93031
2022-07-29,161680,3247,49.79,62096
2022-08-01,535347,8539,62.69,222838
2022-08-02,452464,8516,53.13,168014
2022-08-03,4088755,43853,93.24,810808
2022-08-04,792074,11454,69.15,234801
2022-08-05,387584,6059,63.97,150705
2022-08-10,396637,10503,37.76,118317
2022-08-11,426200,6105,69.81,164981
2022-08-12,245238,3763,65.17,113763
2022-08-16,1118181,12685,88.15,439963
2022-08-17,1216145,14782,82.27,421365
2022-08-18,401272,6253,64.17,152475
2022-08-19,422401,5838,72.35,175150
2022-08-22,307276,5033,61.05,100533
2022-08-23,298283,4279,69.71,92851
2022-08-24,358786,6320,56.77,111526
2022-08-25,273518,4643,58.91,77855
2022-08-26,870423,14475,60.13,291679
2022-08-29,629982,13926,45.24,207329
2022-08-30,487849,5748,84.87,200221
2022-09-01,519104,8663,59.92,167898
2022-09-02,652109,11385,57.28,215961
2022-09-05,361316,7855,46.0,140672
2022-09-06,405481,8676,46.74,175087
2022-09-07,336684,5244,64.2,92759
2022-09-08,508707,5720,88.93,151558
2022-09-09,335538,5743,58.43,141070
2022-09-12,414230,6219,66.61,170271
2022-09-13,992785,15528,63.94,356448
2022-09-14,5441133,49323,110.32,1152402
2022-09-15,1678573,16619,101.0,475175
2022-09-16,1604847,21003,76.41,460723
2022-09-19,1067630,13726,77.78,278586
2022-09-20,697347,8354,83.47,191414
2022-09-21,611641,8911,68.64,169321
2022-09-22,1077823,21778,49.49,316920
2022-09-23,528988,8188,64.61,156604
2022-09-26,596646,10337,57.72,210040
2022-09-27,546037,9207,59.31,89347
2022-09-28,516019,6583,78.39,180030
2022-09-29,544273,7158,76.04,178218
2022-09-30,438240,6571,66.69,106948
2022-10-03,426231,6580,64.78,144815
2022-10-04,418936,7910,52.96,117610
2022-10-06,646141,10246,63.06,296715
2022-10-07,955005,12895,74.06,290814
2022-10-10,687665,10471,65.67,257825
2022-10-11,832310,18907,44.02,291790
2022-10-12,330217,8653,38.16,87941
2022-10-13,202539,6889,29.4,58540
2022-10-14,238266,7579,31.44,91243
2022-10-17,309103,10312,29.98,83270
2022-10-18,295648,5894,50.16,113291
2022-10-19,198818,4023,49.42,56968
2022-10-20,288733,4528,63.77,150809
2022-10-21,351329,5894,59.61,122184
2022-10-24,208115,3085,67.46,126825
2022-10-25,575907,17304,33.28,176634
2022-10-27,754162,12726,59.26,263382
2022-10-28,312757,5203,60.11,113881
2022-10-31,214251,4105,52.19,83940
2022-11-01,180666,4649,38.86,73249
2022-11-02,233338,9884,23.61,104606
2022-11-03,849120,16810,50.51,242544
2022-11-04,350836,5840,60.07,94430
2022-11-07,330098,6144,53.73,180717
2022-11-09,230262,5507,41.81,108633
2022-11-10,236178,5774,40.9,124810
2022-11-11,401801,8350,48.12,191628
2022-11-14,353086,9168,38.51,142448
2022-11-15,353086,9168,38.51,142448
2022-11-16,383931,12621,30.42,179199
2022-11-17,128579,3018,42.6,48007
2022-11-18,162773,5607,29.03,72946
2022-11-21,135938,3745,36.3,69956
2022-11-22,140113,4818,29.08,60307
2022-11-23,167553,4019,41.69,68761
2022-11-24,133796,2510,53.31,66192
2022-11-25,351945,5735,61.37,184414
2022-11-28,176368,3656,48.24,84005
2022-11-29,366567,6814,53.8,153950
2022-11-30,376479,4186,89.94,261060
2022-12-01,147319,2478,59.45,72920
2022-12-02,219134,4323,50.69,134201
2022-12-05,242486,3607,67.23,129235
2022-12-06,218642,6395,34.19,91191
2022-12-07,289485,4532,63.88,125601
2022-12-08,190846,6046,31.57,87543
2022-12-09,217625,3850,56.53,107225
2022-12-12,162296,5726,28.34,98686
2022-12-13,509724,15688,32.49,203084
2022-12-14,377591,11190,33.74,181715
2022-12-15,130103,3000,43.37,59099
2022-12-16,237320,4498,52.76,97244
2022-12-19,196844,6867,28.67,85443
2022-12-20,504812,7430,67.94,255090
2022-12-21,468421,8193,57.17,217167
2022-12-22,394255,9331,42.25,189202
2022-12-23,261189,5748,45.44,107504
2022-12-26,379454,8293,45.76,183271
2022-12-27,1018238,9892,102.94,533462
2022-12-28,2736445,23512,116.39,780310
2022-12-29,945912,10493,90.15,255073
2022-12-30,437954,5092,86.01,201741
2023-01-02,253266,6614,38.29,95686
2023-01-03,246691,3554,69.41,111783
2023-01-04,364875,5264,69.32,167951
2023-01-05,461410,7508,61.46,143947
2023-01-06,6143058,48827,125.81,941970
2023-01-09,1624206,19304,84.14,389972
2023-01-10,1474261,20790,70.91,248417
2023-01-11,478711,6854,69.84,119776
2023-01-12,394618,5439,72.55,107051
2023-01-13,885399,10116,87.52,204914
2023-01-16,224568,3664,61.29,88306
2023-01-17,533316,7617,70.02,165428
2023-01-18,819332,10308,79.49,420901
2023-01-19,541550,10651,50.84,158080
2023-01-20,262374,4995,52.53,83282
2023-01-23,412051,7917,52.05,94220
2023-01-24,865082,9702,89.17,184063
2023-01-25,280133,4823,58.08,116803
2023-01-27,684724,8694,78.76,267388
2023-01-30,374320,6509,57.51,141606
2023-01-31,400138,7079,56.52,127059
2023-02-01,298038,5055,58.96,110675
2023-02-02,385726,10632,36.28,66678
2023-02-03,288565,5938,48.6,47153
2023-02-06,157322,3444,45.68,45985
2023-02-07,172056,4114,41.82,65265
2023-02-08,307559,5883,52.28,119072
2023-02-09,1255543,15628,80.34,539429
2023-02-10,350835,6258,56.06,123206
2023-02-13,260717,4206,61.99,125478
2023-02-14,891966,12787,69.76,364120
2023-02-15,434870,6564,66.25,112710
2023-02-16,354052,4489,78.87,195022
2023-02-17,531403,7935,66.97,213212
2023-02-20,472649,9186,51.45,145830
2023-02-21,322988,7914,40.81,113133
2023-02-22,338611,5764,58.75,143049
2023-02-23,316936,6253,50.69,140728
2023-02-24,301197,6730,44.75,105957
2023-02-27,278249,5895,47.2,115574
2023-02-28,303123,6513,46.54,84810
2023-03-01,465062,6707,69.34,237021
2023-03-02,500724,8689,57.63,226733
2023-03-03,608956,7698,79.11,244026
2023-03-06,256674,3939,65.16,94192
2023-03-08,532642,5013,106.25,341439
2023-03-09,351509,5455,64.44,213417
2023-03-10,680133,5779,117.69,401940
2023-03-13,286065,4764,60.05,146011
2023-03-14,569400,9164,62.13,318129
2023-03-15,314894,5282,59.62,113760
2023-03-16,568010,13463,42.19,233506
2023-03-17,447313,6535,68.45,158676
2023-03-20,436140,5816,74.99,202800
2023-03-21,255432,4692,54.44,123608
2023-03-22,171662,2619,65.54,93983
2023-03-23,217192,3676,59.08,98528
2023-03-24,367952,5094,72.23,224523
2023-03-27,385491,6109,63.1,159029
2023-03-28,968145,14370,67.37,321725
2023-03-29,466222,6587,70.78,222409
2023-03-31,622087,7999,77.77,270958
2023-04-03,2734886,28656,95.44,434491
2023-04-05,1353995,15787,85.77,432110
2023-04-06,562119,11584,48.53,196343
2023-04-10,462582,7782,59.44,149983
2023-04-11,578400,10821,53.45,163025
2023-04-12,317630,5677,55.95,111605
2023-04-13,203217,4616,44.02,59392
2023-04-17,812868,9756,83.32,207924
2023-04-18,404501,7018,57.64,122860
2023-04-19,186394,3019,61.74,70160
2023-04-20,119283,2253,52.94,51000
2023-04-21,144125,3009,47.9,51007
2023-04-24,318174,5791,54.94,135231
2023-04-25,374695,5862,63.92,120555
2023-04-26,226220,3768,60.04,83537
2023-04-27,262270,4847,54.11,131431
2023-04-28,184324,3147,58.57,68724
2023-05-02,295724,4684,63.13,136829
2023-05-03,434861,6370,68.27,146531
2023-05-04,911476,10421,87.47,322099
2023-05-05,1385196,14591,94.93,349907
2023-05-08,364004,4226,86.13,148241
2023-05-09,226465,2960,76.51,84876
2023-05-10,148418,2504,59.27,58398
2023-05-11,284449,3540,80.35,104426
2023-05-12,176099,2760,63.8,68255
2023-05-15,204300,2394,85.34,126513
2023-05-16,281133,3671,76.58,122554
2023-05-17,403558,5433,74.28,132172
2023-05-18,206367,3016,68.42,89323
2023-05-19,151898,2757,55.1,70385
2023-05-22,568245,7327,77.55,332712
