Date,TTL_TRD_QNTY,NO_OF_TRADES,QTY_PER_TRADE,DELIV_QTY
2019-09-30,63323,864,73.29,29700
2019-10-01,9478,352,26.93,6104
2019-10-03,15085,339,44.5,9936
2019-10-04,15198,291,52.23,9959
2019-10-07,21965,562,39.08,17144
2019-10-09,15145,607,24.95,6217
2019-10-10,19874,599,33.18,9995
2019-10-11,11922,220,54.19,8951
2019-10-14,6258,143,43.76,3503
2019-10-15,18868,242,77.97,13984
2019-10-16,21261,345,61.63,15107
2019-10-17,14539,368,39.51,8348
2019-10-18,15670,383,40.91,9127
2019-10-22,11031,317,34.8,7481
2019-10-23,14810,227,65.24,8888
2019-10-24,30288,448,67.61,18951
2019-10-25,13370,375,35.65,7675
2019-10-29,39553,787,50.26,21656
2019-10-30,19337,364,53.12,14076
2019-10-31,42970,781,55.02,28044
2019-11-01,34991,546,64.09,23005
2019-11-04,16649,352,47.3,10864
2019-11-05,17877,294,60.81,11663
2019-11-06,16253,329,49.4,10010
2019-11-07,19838,617,32.15,11271
2019-11-08,104933,1603,65.46,47658
2019-11-11,34567,546,63.31,22972
2019-11-13,33822,722,46.84,23603
2019-11-14,17265,575,30.03,10488
2019-11-15,26013,781,33.31,17724
2019-11-18,14695,380,38.67,10867
2019-11-19,26951,495,54.45,11208
2019-11-20,23842,813,29.33,18183
2019-11-21,45145,1172,38.52,30321
2019-11-22,14774,339,43.58,10041
2019-11-25,45735,368,124.28,40205
2019-11-26,20143,706,28.53,14615
2019-11-27,28289,540,52.39,18668
2019-11-28,12776,509,25.1,8552
2019-11-29,25681,545,47.12,16900
2019-12-02,18431,578,31.89,10338
2019-12-03,22259,330,67.45,17814
2019-12-04,24935,411,60.67,14897
2019-12-05,16433,291,56.47,14059
2019-12-06,21172,514,41.19,10318
2019-12-09,21375,494,43.27,14720
2019-12-10,12691,279,45.49,10667
2019-12-11,37765,651,58.01,27636
2019-12-12,30636,839,36.51,20879
2019-12-13,26928,502,53.64,16490
2019-12-16,8518,189,45.07,6425
2019-12-17,19635,303,64.8,13706
2019-12-18,12111,286,42.35,8466
2019-12-19,10547,298,35.39,7425
2019-12-20,8877,194,45.76,6659
2019-12-23,26000,438,59.36,14309
2019-12-24,32132,493,65.18,24158
2019-12-26,27362,455,60.14,15368
2019-12-27,17667,458,38.57,11676
2019-12-30,19732,502,39.31,12271
2019-12-31,60671,1027,59.08,36136
2020-01-01,25071,542,46.26,19224
2020-01-02,290309,3021,96.1,140829
2020-01-03,119210,1514,78.74,78678
2020-01-06,35786,739,48.42,22477
2020-01-07,21687,428,50.67,13215
2020-01-08,29628,555,53.38,18156
2020-01-09,76641,1064,72.03,40166
2020-01-10,33867,580,58.39,24923
2020-01-13,38327,529,72.45,30178
2020-01-14,241873,1837,131.67,131722
2020-01-15,64312,1056,60.9,34702
2020-01-16,41154,622,66.16,28653
2020-01-17,38732,514,75.35,29922
2020-01-20,23581,500,47.16,16632
2020-01-21,43100,478,90.17,34984
2020-01-22,24609,454,54.2,21162
2020-01-23,24880,386,64.46,14446
2020-01-24,74168,1151,64.44,29874
2020-01-27,100604,1385,72.64,45434
2020-01-28,25566,421,60.73,16891
2020-01-29,45247,860,52.61,27762
2020-01-30,35614,466,76.42,20194
2020-01-31,55082,1220,45.15,27928
2020-02-03,289807,3222,89.95,86443
2020-02-04,55146,580,95.08,36505
2020-02-05,46388,632,73.4,31723
2020-02-06,20895,301,69.42,14954
2020-02-07,91564,1029,88.98,34567
2020-02-10,56101,645,86.98,20119
2020-02-11,27015,424,63.71,23084
2020-02-12,38611,629,61.38,28273
2020-02-13,40136,467,85.94,25969
2020-02-14,61443,1091,56.32,42825
2020-02-17,41493,718,57.79,28142
2020-02-18,30894,789,39.16,19853
2020-02-19,35169,683,51.49,22641
2020-02-20,148334,1706,86.95,61280
2020-02-24,110911,1614,68.72,52484
2020-02-25,66736,1483,45.0,24395
2020-02-26,69307,1090,63.58,25681
2020-02-27,29678,572,51.88,17400
2020-02-28,40033,742,53.95,29170
2020-03-02,102585,1955,52.47,30567
2020-03-03,45034,1222,36.85,20335
2020-03-04,94631,1713,55.24,45384
2020-03-05,64398,1404,45.87,39108
2020-03-06,40457,769,52.61,24650
2020-03-09,54848,988,55.51,41496
2020-03-11,58584,1135,51.62,39942
2020-03-12,77207,1806,42.75,50010
2020-03-13,73967,889,83.2,44863
2020-03-16,104604,779,134.28,84317
2020-03-17,76078,1463,52.0,40524
2020-03-18,34630,926,37.4,22989
2020-03-19,50632,874,57.93,32148
2020-03-20,135907,900,151.01,110991
2020-03-23,71802,1668,43.05,55981
2020-03-24,38059,683,55.72,27748
2020-03-25,47455,734,64.65,34398
2020-03-26,57410,933,61.53,30170
2020-03-27,51939,655,79.3,28343
2020-03-30,20139,441,45.67,12785
2020-03-31,40066,736,54.44,19488
2020-04-01,39047,526,74.23,32777
2020-04-03,55540,803,69.17,33286
2020-04-07,77198,1207,63.96,39368
2020-04-08,44275,836,52.96,22651
2020-04-09,80700,753,107.17,59257
2020-04-15,131468,1730,75.99,31741
2020-04-16,100984,1456,69.36,46579
2020-04-17,62799,759,82.74,33053
2020-04-20,105006,1474,71.24,65876
2020-04-21,162677,1515,107.38,127900
2020-04-22,368225,2922,126.02,176138
2020-04-23,50426,516,97.72,44343
2020-04-24,29470,565,52.16,21367
2020-04-27,79759,827,96.44,58976
2020-04-28,39726,358,110.97,32293
2020-04-29,94626,756,125.17,75068
2020-04-30,49589,486,102.03,37554
2020-05-04,48501,465,104.3,34424
2020-05-05,55536,650,85.44,46988
2020-05-06,20554,361,56.94,15181
2020-05-07,20659,265,77.96,16654
2020-05-08,15870,272,58.35,13637
2020-05-11,35392,325,108.9,26401
2020-05-12,17374,254,68.4,12317
2020-05-13,43804,431,101.63,35251
2020-05-14,27596,340,81.16,20829
2020-05-15,27628,324,85.27,19836
2020-05-18,41687,383,108.84,29027
2020-05-19,29946,296,101.17,21498
2020-05-20,9373,242,38.73,6516
2020-05-21,28016,286,97.96,21803
2020-05-22,11805,260,45.4,7385
2020-05-26,16620,323,51.46,12922
2020-05-27,15814,226,69.97,14005
2020-05-28,32927,266,123.79,26124
2020-05-29,42819,427,100.28,34318
2020-06-01,49106,517,94.98,31506
2020-06-02,46167,445,103.75,35624
2020-06-03,49280,593,83.1,40160
2020-06-04,86294,763,113.1,59146
2020-06-05,97773,853,114.62,70833
2020-06-08,104183,1097,94.97,69850
2020-06-09,71142,876,81.21,39754
2020-06-10,71287,593,120.21,52341
2020-06-11,56832,495,114.81,41308
2020-06-12,51138,572,89.4,35840
2020-06-15,68014,648,104.96,42537
2020-06-16,106522,1230,86.6,57921
2020-06-17,50662,750,67.55,32184
2020-06-18,125132,1560,80.21,88415
2020-06-19,118841,1457,81.57,66487
2020-06-22,379154,1764,214.94,304862
2020-06-23,264722,1799,147.15,159773
2020-06-24,119014,1334,89.22,80198
2020-06-25,104890,783,133.96,69309
2020-06-26,70447,654,107.72,41999
2020-06-29,62544,774,80.81,45021
2020-06-30,39679,776,51.13,26993
2020-07-01,44712,829,53.93,22646
2020-07-02,40315,652,61.83,28432
2020-07-03,55831,722,77.33,37537
2020-07-06,70628,455,155.23,63594
2020-07-07,50441,264,191.06,50441
2020-07-08,560548,1504,372.7,368305
2020-07-09,291999,2174,134.31,190953
2020-07-10,172177,1274,135.15,128310
2020-07-13,65169,696,93.63,52426
2020-07-14,66868,727,91.98,49080
2020-07-15,50559,627,80.64,36625
2020-07-16,58223,681,85.5,45188
2020-07-17,53435,679,78.7,36617
2020-07-20,88659,1098,80.75,53638
2020-07-21,50159,851,58.94,30535
2020-07-22,101919,850,119.9,68709
2020-07-23,54342,596,91.18,36230
2020-07-24,142206,945,150.48,109235
2020-07-27,109756,914,120.08,79112
2020-07-28,138758,1121,123.78,97330
2020-07-29,48443,612,79.16,36520
2020-07-30,126976,1231,103.15,89274
2020-07-31,74053,860,86.11,36251
2020-08-03,36646,695,52.73,21998
2020-08-04,54968,684,80.36,39190
2020-08-05,34649,393,88.17,23463
2020-08-06,68253,881,77.47,46950
2020-08-07,78015,984,79.28,49290
2020-08-10,104307,1107,94.22,86310
2020-08-11,79840,928,86.03,57936
2020-08-12,40771,649,62.82,27195
2020-08-13,107056,1218,87.89,71078
2020-08-14,54829,729,75.21,40914
2020-08-17,139921,1622,86.26,61187
2020-08-18,246152,1848,133.2,169127
2020-08-19,170913,1944,87.92,107825
2020-08-20,258594,1997,129.49,169282
2020-08-21,200112,1484,134.85,144697
2020-08-24,109137,1043,104.64,80545
2020-08-25,91115,948,96.11,56438
2020-08-26,63138,737,85.67,43136
2020-08-27,85090,676,125.87,65152
2020-08-28,82921,734,112.97,64555
2020-08-31,136485,1191,114.6,95188
2020-09-01,25712,375,68.57,15239
2020-09-02,33311,444,75.02,23518
2020-09-03,19947,317,62.92,17173
2020-09-04,21950,314,69.9,14267
2020-09-07,30711,377,81.46,20290
2020-09-08,70290,812,86.56,34527
2020-09-09,34842,363,95.98,23420
2020-09-10,30946,407,76.03,24800
2020-09-11,74978,623,120.35,48790
2020-09-14,52848,588,89.88,33650
2020-09-15,47272,417,113.36,31163
2020-09-16,26914,313,85.99,17522
2020-09-17,24505,238,102.96,17149
2020-09-18,33529,472,71.04,27998
2020-09-21,42307,450,94.02,31678
2020-09-22,24676,317,77.84,16759
2020-09-23,25126,211,119.08,20239
2020-09-24,29308,266,110.18,24388
2020-09-25,31713,270,117.46,26360
2020-09-29,59678,377,158.3,37573
2020-09-30,37405,238,157.16,32962
2020-10-01,109826,510,215.35,103912
2020-10-05,111965,476,235.22,78906
2020-10-06,45738,556,82.26,35944
2020-10-07,138022,728,189.59,53634
2020-10-08,45509,406,112.09,29460
2020-10-09,60724,573,105.98,46437
2020-10-12,28503,337,84.58,15039
2020-10-13,33135,386,85.84,25686
2020-10-14,24696,225,109.76,20088
2020-10-15,48752,497,98.09,36371
2020-10-16,79463,770,103.2,44084
2020-10-19,87401,810,107.9,41615
2020-10-20,59010,304,194.11,51594
2020-10-21,48955,505,96.94,29668
2020-10-22,26136,281,93.01,17648
2020-10-23,91944,757,121.46,81130
2020-10-26,64414,448,143.78,56510
2020-10-27,34038,541,62.92,21047
2020-10-28,38492,347,110.93,29213
2020-10-29,35011,290,120.73,27738
2020-10-30,48437,410,118.14,34558
2020-11-02,48826,335,145.75,41031
2020-11-03,63393,507,125.04,47562
2020-11-04,30645,553,55.42,21918
2020-11-05,73216,629,116.4,60751
2020-11-06,34050,349,97.56,24565
2020-11-09,78969,539,146.51,56682
2020-11-10,154697,1161,133.24,119329
2020-11-11,78667,595,132.21,46950
2020-11-12,40331,476,84.73,22769
2020-11-13,217151,1513,143.52,131604
2020-11-17,932052,4034,231.05,327168
2020-11-18,560132,4516,124.03,257755
2020-11-19,170432,1420,120.02,109534
2020-11-20,148789,1148,129.61,95228
2020-11-23,84305,673,125.27,62844
2020-11-24,498460,1398,356.55,355852
2020-11-25,1282276,7302,175.61,616207
2020-11-26,157757,1541,102.37,98492
2020-11-27,266432,2070,128.71,169153
2020-12-01,255931,2476,103.36,148384
2020-12-02,164864,1144,144.11,114129
2020-12-03,197268,1712,115.23,158692
2020-12-04,329131,2574,127.87,214768
2020-12-07,237294,1361,174.35,170927
2020-12-08,827775,4224,195.97,517629
2020-12-09,1128872,4715,239.42,621945
2020-12-10,323477,1989,162.63,189138
2020-12-11,446923,3120,143.24,263583
2020-12-14,171982,1861,92.41,132533
2020-12-15,451279,2519,179.15,290606
2020-12-16,236021,1818,129.82,140592
2020-12-17,2209088,12362,178.7,846571
2020-12-18,391124,2013,194.3,222154
2020-12-21,880404,4483,196.39,472230
2020-12-22,548717,3308,165.88,326805
2020-12-23,421842,2814,149.91,246054
2020-12-24,325968,1920,169.78,184089
2020-12-28,530478,2749,192.97,352502
2020-12-29,220224,1470,149.81,111342
2020-12-30,164165,1138,144.26,101960
2020-12-31,405140,2545,159.19,223102
2021-01-01,229443,1314,174.61,147477
2021-01-04,179531,1156,155.3,135108
2021-01-05,189702,1296,146.38,106913
2021-01-06,699624,3573,195.81,300954
2021-01-07,314058,1875,167.5,193356
2021-01-08,378813,2512,150.8,206356
2021-01-11,376035,2387,157.53,200476
2021-01-12,660210,3844,171.75,359585
2021-01-13,673891,3348,201.28,366723
2021-01-14,185713,1320,140.69,118007
2021-01-15,319666,2372,134.77,198376
2021-01-18,198749,1625,122.31,118616
2021-01-19,261704,2013,130.01,165906
2021-01-20,503507,3009,167.33,243748
2021-01-21,289047,1767,163.58,177326
2021-01-22,185860,1837,101.18,116467
2021-01-25,242569,1823,133.06,161283
2021-01-27,167445,1222,137.03,88332
2021-01-28,196821,1174,167.65,141209
2021-01-29,81571,672,121.39,41517
2021-02-01,188654,929,203.07,123934
2021-02-02,125426,841,149.14,79697
2021-02-03,206679,1011,204.43,147140
2021-02-04,459456,1344,341.86,375984
2021-02-05,530188,2531,209.48,308495
2021-02-08,472892,1277,370.31,404818
2021-02-09,394305,1327,297.14,285411
2021-02-10,71529,738,96.92,41702
2021-02-11,99292,679,146.23,59389
2021-02-12,93720,667,140.51,56678
2021-02-15,79346,591,134.26,46956
2021-02-16,99934,734,136.15,58023
2021-02-17,406617,2320,175.27,210602
2021-02-18,140270,991,141.54,85919
2021-02-19,475367,2702,175.93,278594
2021-02-22,313357,1901,164.84,215559
2021-02-23,357786,2688,133.1,120471
2021-02-24,137100,1129,121.43,48543
2021-02-25,755322,4734,159.55,331573
2021-02-26,489482,3805,128.64,135638
2021-03-01,538753,3153,170.87,264800
2021-03-02,925495,7269,127.32,219222
2021-03-03,545544,4637,117.65,168564
2021-03-04,587396,5912,99.36,100243
2021-03-05,509199,5053,100.77,136147
2021-03-08,325820,3573,91.19,125886
2021-03-09,367278,3566,102.99,92397
2021-03-10,286014,3164,90.4,83543
2021-03-12,3224932,17407,185.27,1101267
2021-03-15,5767033,30970,186.21,1553693
2021-03-16,3805644,26417,144.06,1366711
2021-03-17,1142409,8954,127.59,363752
2021-03-18,584723,5077,115.17,241734
2021-03-19,427965,3878,110.36,155071
2021-03-22,1561390,10579,147.59,646362
2021-03-23,930310,6779,137.23,480410
2021-03-24,362125,2832,127.87,167575
2021-03-25,59127,513,115.26,59127
2021-03-26,52321,645,81.12,52321
2021-03-30,148858,1280,116.3,148858
2021-03-31,61675,645,95.62,61675
2021-04-01,52698,556,94.78,52698
2021-04-05,79717,789,101.04,79717
2021-04-06,93182,898,103.77,93182
2021-04-07,111503,1115,100.0,111503
2021-04-08,73095,957,76.38,73095
2021-04-09,272895,1447,188.59,272895
2021-04-12,383659,2157,177.87,383659
2021-04-13,170872,1276,133.91,170872
2021-04-15,83486,732,114.05,83486
2021-04-16,71450,721,99.1,71450
2021-04-19,101308,877,115.52,101308
2021-04-20,136078,1129,120.53,136078
2021-04-22,116346,920,126.46,116346
2021-04-23,106679,1285,83.02,106679
2021-04-26,51041,441,115.74,51041
2021-04-27,130900,996,131.43,88430
2021-04-28,139120,1847,75.32,88205
2021-04-29,109050,922,118.28,54714
2021-04-30,118046,1157,102.03,47387
2021-05-03,216426,2412,89.73,145650
2021-05-04,228906,1725,132.7,120024
2021-05-05,127292,748,170.18,82206
2021-05-06,146779,1189,123.45,75864
2021-05-07,175642,1173,149.74,99930
2021-05-10,361926,1478,244.88,272921
2021-05-11,765714,2598,294.73,540738
2021-05-12,427227,2213,193.05,258982
2021-05-14,256016,1711,149.63,146791
2021-05-17,162140,1238,130.97,98118
2021-05-18,140268,1115,125.8,91974
2021-05-19,150815,1113,135.5,87354
2021-05-20,562741,2313,243.29,256210
2021-05-21,231418,1074,215.47,215667
2021-05-24,111670,559,199.77,111669
2021-05-25,1335817,5332,250.53,706588
2021-05-26,257010,1951,131.73,180988
2021-05-27,325815,2135,152.61,179256
2021-05-28,183351,1294,141.69,132074
2021-05-31,166964,1530,109.13,90412
2021-06-01,238185,1411,168.81,141168
2021-06-02,127330,858,148.4,91701
2021-06-03,136668,1016,134.52,103812
2021-06-04,162603,1313,123.84,100653
2021-06-07,244491,1668,146.58,159334
2021-06-08,2105983,10325,203.97,891773
2021-06-09,934095,6072,153.84,556946
2021-06-10,256930,1968,130.55,145303
2021-06-11,206929,1464,141.34,151415
2021-06-14,198918,1315,151.27,109799
2021-06-15,178301,1416,125.92,101353
2021-06-16,255066,1669,152.83,152920
2021-06-17,140759,1086,129.61,93525
2021-06-18,183881,1683,109.26,104109
2021-06-21,186846,1806,103.46,97383
2021-06-22,1088905,6385,170.54,465411
2021-06-23,802050,5595,143.35,462216
2021-06-24,253260,2157,117.41,141951
2021-06-25,258275,2180,118.47,139408
2021-06-28,206821,1497,138.16,134386
2021-06-29,1247496,6131,203.47,861603
2021-06-30,3619375,18323,197.53,1453520
2021-07-01,2188069,12817,170.72,831417
2021-07-02,825221,5987,137.84,514130
2021-07-05,406879,2156,188.72,307283
2021-07-06,1146603,8057,142.31,697437
2021-07-07,385746,3473,111.07,204711
2021-07-08,1158494,6685,173.3,665046
2021-07-09,433955,2563,169.32,341463
2021-07-12,380731,2276,167.28,265357
2021-07-13,1195401,10383,115.13,756701
2021-07-14,380306,3907,97.34,241570
2021-07-15,531546,4742,112.09,355363
2021-07-16,578520,6134,94.31,247081
2021-07-19,392488,3341,117.48,198076
2021-07-20,742658,7212,102.98,314616
2021-07-22,417499,4450,93.82,190751
2021-07-23,626950,6106,102.68,164046
2021-07-26,286027,3419,83.66,187408
2021-07-27,293514,3002,97.77,123616
2021-07-28,184321,2096,87.94,99497
2021-07-29,314180,2392,131.35,206235
2021-07-30,553093,3971,139.28,320243
2021-08-02,184327,2354,78.3,130040
2021-08-03,136185,1626,83.75,96619
2021-08-04,188414,2261,83.33,144156
2021-08-05,297349,3009,98.82,118537
2021-08-06,104740,1525,68.68,66611
2021-08-09,126969,1928,65.86,92423
2021-08-10,162185,2200,73.72,127140
2021-08-11,365588,3270,111.8,188355
2021-08-12,173256,1422,121.84,90289
2021-08-13,488364,3326,146.83,219004
2021-08-16,311575,3416,91.21,174864
2021-08-17,216567,2516,86.08,107657
2021-08-18,138886,1895,73.29,88040
2021-08-20,115559,639,180.84,96320
2021-08-23,373350,4086,91.37,209178
2021-08-24,231429,2915,79.39,71168
2021-08-25,100945,1297,77.83,64864
2021-08-26,82730,949,87.18,61170
2021-08-27,55869,867,64.44,41073
2021-08-30,74977,1126,66.59,56501
2021-08-31,82836,1043,79.42,53203
2021-09-01,61614,1015,60.7,41045
2021-09-02,105095,1556,67.54,74726
2021-09-03,164786,1064,154.87,119963
2021-09-06,251227,2831,88.74,200004
2021-09-07,74706,1150,64.96,53315
2021-09-08,89867,1392,64.56,59571
2021-09-09,90341,1112,81.24,58247
2021-09-13,205777,2326,88.47,106101
2021-09-14,130255,1987,65.55,91185
2021-09-15,115803,1673,69.22,69503
2021-09-16,390046,5933,65.74,214559
2021-09-17,164096,3307,49.62,104887
2021-09-20,119609,1965,60.87,89831
2021-09-21,117226,2356,49.76,64441
2021-09-22,73508,1353,54.33,50543
2021-09-23,73941,1848,40.01,44007
2021-09-24,108240,2358,45.9,69474
2021-09-27,94364,1943,48.57,63837
2021-09-28,107982,1698,63.59,73278
2021-09-29,141696,3020,46.92,85767
2021-09-30,209749,3101,67.64,137600
2021-10-01,125006,1939,64.47,67078
2021-10-04,131689,2067,63.71,77407
2021-10-05,379523,3947,96.15,237350
2021-10-06,178125,3453,51.59,124117
2021-10-07,253949,2744,92.55,159202
2021-10-08,186610,1995,93.54,89363
2021-10-11,135400,2038,66.44,80922
2021-10-12,81314,1486,54.72,48890
2021-10-13,207142,2471,83.83,124307
2021-10-14,114286,1798,63.56,72218
2021-10-18,154483,2383,64.83,92873
2021-10-19,171804,2660,64.59,105568
2021-10-20,144672,2390,60.53,85968
2021-10-21,85486,1489,57.41,52991
2021-10-22,155948,2315,67.36,73904
2021-10-25,213665,3002,71.17,120325
2021-10-26,452890,3615,125.28,142873
2021-10-27,234058,3761,62.23,130502
2021-10-28,209017,4000,52.25,79281
2021-10-29,231103,4502,51.33,85198
2021-11-01,122259,2148,56.92,41163
2021-11-02,147043,2112,69.62,49456
2021-11-03,94622,1516,62.42,32946
2021-11-04,94622,1516,62.42,32946
2021-11-08,160392,2319,69.16,51742
2021-11-09,314205,5115,61.43,142121
2021-11-10,285359,3571,79.91,111397
2021-11-11,427473,4874,87.7,250456
2021-11-12,82328,1148,71.71,53201
2021-11-15,104146,1780,58.51,66700
2021-11-16,86674,1208,71.75,55062
2021-11-17,94557,1513,62.5,58002
2021-11-18,183260,2547,71.95,97517
2021-11-22,175485,1899,92.41,122024
2021-11-23,114931,1675,68.62,49919
2021-11-24,162758,2469,65.92,74287
2021-11-25,88130,1193,73.87,45834
2021-11-26,128040,2250,56.91,83115
2021-11-29,199166,3350,59.45,114476
2021-11-30,88240,2060,42.83,45621
2021-12-01,212938,2789,76.35,87181
2021-12-02,133872,2194,61.02,62415
2021-12-03,130649,1896,68.91,72256
2021-12-06,80603,1573,51.24,51402
2021-12-07,373559,6919,53.99,160262
2021-12-08,217046,4948,43.87,113576
2021-12-09,165398,3418,48.39,84085
2021-12-10,186575,2996,62.27,91793
2021-12-13,131667,2561,51.41,72302
2021-12-14,609479,7008,86.97,322029
2021-12-15,1511998,22637,66.79,586123
2021-12-16,669797,11333,59.1,229960
2021-12-17,391689,6549,59.81,186856
2021-12-20,262465,4778,54.93,113535
2021-12-21,174758,2958,59.08,80335
2021-12-22,125265,2048,61.16,51912
2021-12-23,86909,1727,50.32,39832
2021-12-24,92926,1920,48.4,42342
2021-12-27,116546,2204,52.88,55119
2021-12-28,362622,5588,64.89,167798
2021-12-29,172343,2630,65.53,86099
2021-12-30,98230,2196,44.73,44300
2021-12-31,233089,3975,58.64,105594
2022-01-03,156241,2342,66.71,85688
2022-01-04,1492129,16109,92.63,547272
2022-01-05,3125155,39623,78.87,1159586
2022-01-06,328082,5796,56.6,168027
2022-01-07,529581,5625,94.15,305259
2022-01-10,358623,5478,65.47,162335
2022-01-11,270691,4227,64.04,170341
2022-01-12,207706,2912,71.33,127682
2022-01-13,375626,5132,73.19,147700
2022-01-14,198366,3136,63.25,89649
2022-01-17,423599,6049,70.03,193690
2022-01-18,225657,4052,55.69,122020
2022-01-19,108722,2306,47.15,58744
2022-01-20,138642,3053,45.41,66840
2022-01-21,185196,2538,72.97,117208
2022-01-24,213977,3449,62.04,129096
2022-01-25,112344,2503,44.88,57148
2022-01-27,145385,2947,49.33,83948
2022-01-28,177651,3699,48.03,65024
2022-01-31,80894,1316,61.47,44339
2022-02-01,90216,1588,56.81,39094
2022-02-02,985235,15954,61.75,423013
2022-02-03,813268,9401,86.51,464704
2022-02-04,258192,4546,56.8,156403
2022-02-07,212456,4329,49.08,130221
2022-02-08,143071,2903,49.28,62390
2022-02-09,74381,1305,57.0,44762
2022-02-10,188188,3044,61.82,86438
2022-02-11,117901,2679,44.01,71283
2022-02-14,237239,4789,49.54,156519
2022-02-15,154863,3081,50.26,76327
2022-02-16,135051,2186,61.78,72700
2022-02-17,70881,1075,65.94,28137
2022-02-18,64581,1380,46.8,37453
2022-02-21,89468,1773,50.46,48954
2022-02-22,107664,2070,52.01,64477
2022-02-23,58129,1029,56.49,31980
2022-02-24,198205,3641,54.44,118059
2022-02-25,107316,1659,64.69,61155
2022-02-28,104283,1744,59.8,46653
2022-03-02,75503,1493,50.57,39590
2022-03-03,47667,969,49.19,23019
2022-03-04,74461,1538,48.41,35719
2022-03-08,229005,2898,79.02,136251
2022-03-09,94216,1703,55.32,54974
2022-03-10,114519,1723,66.46,63351
2022-03-11,60962,1250,48.77,26974
2022-03-14,69723,799,87.26,45917
2022-03-15,72423,1281,56.54,47414
2022-03-16,81030,1041,77.84,45818
2022-03-17,101791,1353,75.23,69771
2022-03-21,111454,1475,75.56,59632
2022-03-22,388363,3571,108.75,119218
2022-03-23,323013,3851,83.88,126246
2022-03-24,111940,1939,57.73,59883
2022-03-25,122649,1386,88.49,82389
2022-03-28,112492,1719,65.44,67421
2022-03-29,162571,1864,87.22,119451
2022-03-30,175377,2787,62.93,93659
2022-03-31,152299,1614,94.36,85029
2022-04-01,117042,1397,83.78,61269
2022-04-04,126423,1449,87.25,76483
2022-04-05,251502,2505,100.4,125007
2022-04-06,166816,2412,69.16,96958
2022-04-07,133836,1882,71.11,81753
2022-04-08,99427,1661,59.86,56715
2022-04-11,162627,2104,77.29,81087
2022-04-12,219496,4216,52.06,68879
2022-04-13,434643,6560,66.26,206738
2022-04-18,319276,5093,62.69,138266
2022-04-19,437158,5736,76.21,211400
2022-04-20,141790,2706,52.4,66359
2022-04-21,210861,3967,53.15,80794
2022-04-22,248461,3978,62.46,130178
2022-04-25,212521,3300,64.4,89205
2022-04-26,224442,3201,70.12,119564
2022-04-27,183225,2496,73.41,104346
2022-04-28,138542,2644,52.4,55074
2022-04-29,310945,3329,93.4,124144
2022-05-02,117465,1659,70.8,56992
2022-05-04,77046,1105,69.72,41934
2022-05-05,82532,1124,73.43,40995
2022-05-06,143425,1808,79.33,78703
2022-05-09,110123,1558,70.68,45803
2022-05-10,99537,1546,64.38,47560
2022-05-12,68863,1267,54.35,39661
2022-05-13,72357,1352,53.52,35448
2022-05-16,55481,1020,54.39,26152
2022-05-17,78907,1257,62.77,36812
2022-05-18,110829,1964,56.43,50914
2022-05-19,68647,1288,53.3,35764
2022-05-20,91507,1246,73.44,41080
2022-05-23,85418,1159,73.7,35128
2022-05-24,40323,909,44.36,24861
2022-05-25,44920,1057,42.5,22544
2022-05-26,86527,1956,44.24,39174
2022-05-27,1230669,14663,83.93,330443
2022-05-30,139724,3304,42.29,71006
2022-05-31,113386,1709,66.35,53694
2022-06-01,98615,1191,82.8,45949
2022-06-02,176668,1755,100.67,80676
2022-06-03,91548,1569,58.35,39824
2022-06-06,143509,2069,69.36,67664
2022-06-07,58314,1066,54.7,27852
2022-06-08,103265,1891,54.61,47636
2022-06-09,75343,1308,57.6,37003
2022-06-10,50864,1167,43.59,24178
2022-06-13,115749,1572,73.63,58009
2022-06-14,71362,1481,48.19,32036
2022-06-15,40202,749,53.67,14191
2022-06-16,94956,1961,48.42,42774
2022-06-17,71929,1270,56.64,31629
2022-06-20,192145,2865,67.07,83879
2022-06-21,141084,2230,63.27,56652
2022-06-22,81231,1608,50.52,27103
2022-06-23,29693,722,41.13,11077
2022-06-24,44360,813,54.56,20254
2022-06-27,42357,1118,37.89,21241
2022-06-28,32934,638,51.62,17257
2022-06-29,32558,685,47.53,14455
2022-06-30,33644,636,52.9,19140
2022-07-01,25159,655,38.41,11864
2022-07-04,147688,1438,102.7,88391
2022-07-05,54106,987,54.82,28926
2022-07-06,38423,813,47.26,21671
2022-07-07,30913,609,50.76,17426
2022-07-08,29416,500,58.83,19371
2022-07-11,55318,1023,54.07,27924
2022-07-12,56429,866,65.16,32524
2022-07-13,32214,760,42.39,18557
2022-07-14,60231,1041,57.86,37329
2022-07-15,55457,1145,48.43,35625
2022-07-18,185591,3178,58.4,79011
2022-07-19,63912,1275,50.13,41257
2022-07-20,80707,1824,44.25,46159
2022-07-21,68371,1298,52.67,42889
2022-07-22,114732,2373,48.35,67652
2022-07-25,81709,1250,65.37,49450
2022-07-26,39640,766,51.75,22653
2022-07-27,45196,803,56.28,23871
2022-07-28,44423,1008,44.07,23021
2022-07-29,77998,1283,60.79,40375
2022-08-01,88833,1442,61.6,52892
2022-08-02,74188,1227,60.46,42184
2022-08-03,89708,1650,54.37,46424
2022-08-04,64341,1256,51.23,26394
2022-08-05,53584,1059,50.6,27718
2022-08-10,105870,1615,65.55,68901
2022-08-11,81362,1430,56.9,47711
2022-08-12,59690,1036,57.62,35123
2022-08-16,318364,4984,63.88,141694
2022-08-17,111140,1713,64.88,66310
2022-08-18,77226,1437,53.74,41069
2022-08-19,101288,1718,58.96,61308
2022-08-22,63066,1205,52.34,32225
2022-08-23,90083,1457,61.83,56476
2022-08-24,109225,1988,54.94,55921
2022-08-25,146379,1872,78.19,63326
2022-08-26,2563460,15518,165.19,757499
2022-08-29,1588394,14898,106.62,625540
2022-08-30,618092,6022,102.64,292769
2022-09-01,493731,5249,94.06,261316
2022-09-02,354058,4578,77.34,153832
2022-09-05,591977,6359,93.09,259509
2022-09-06,1604620,13090,122.58,549096
2022-09-07,354913,4726,75.1,158176
2022-09-08,1102155,9459,116.52,487152
2022-09-09,319061,3634,87.8,151572
2022-09-12,200403,2455,81.63,122111
2022-09-13,201736,2490,81.02,114167
2022-09-14,251225,3557,70.63,155614
2022-09-15,145432,2164,67.21,75787
2022-09-16,202121,3379,59.82,111904
2022-09-19,163623,2644,61.88,77703
2022-09-20,182313,3094,58.92,93917
2022-09-21,120031,2397,50.08,48864
2022-09-22,150714,3606,41.8,56675
2022-09-23,111284,2381,46.74,49111
2022-09-26,223480,4567,48.93,117195
2022-09-27,106695,2469,43.21,41229
2022-09-28,60911,1517,40.15,24285
2022-09-29,80407,1365,58.91,48420
2022-09-30,284240,4185,67.92,130906
2022-10-03,94484,1819,51.94,55043
2022-10-04,171208,2581,66.33,91012
2022-10-06,86271,1568,55.02,49165
2022-10-07,329179,4252,77.42,163073
2022-10-10,357084,5761,61.98,167833
2022-10-11,116202,2040,56.96,54091
2022-10-12,87214,2083,41.87,39155
2022-10-13,104105,1746,59.62,47027
2022-10-14,116919,1650,70.86,55642
2022-10-17,175025,2338,74.86,93591
2022-10-18,143004,2147,66.61,77798
2022-10-19,228337,3072,74.33,103702
2022-10-20,4169963,29860,139.65,1586155
2022-10-21,1541285,15752,97.85,618204
2022-10-24,1287520,11936,107.87,547465
2022-10-25,1796294,18517,97.01,645101
2022-10-27,589321,6183,95.31,295098
2022-10-28,2605665,24123,108.02,751225
2022-10-31,1368523,16038,85.33,591276
2022-11-01,436174,5260,82.92,244399
2022-11-02,411685,5456,75.46,218181
2022-11-03,807064,9684,83.34,273018
2022-11-04,236506,3653,64.74,135634
2022-11-07,771425,8881,86.86,346009
2022-11-09,616028,6675,92.29,353696
2022-11-10,570814,5253,108.66,285135
2022-11-11,379435,4131,91.85,218774
2022-11-14,766366,8122,94.36,431051
2022-11-15,766366,8122,94.36,431051
2022-11-16,193636,2813,68.84,119416
2022-11-17,168567,2442,69.03,92936
2022-11-18,186840,2754,67.84,92235
2022-11-21,177954,3241,54.91,90503
2022-11-22,131217,2459,53.36,73913
2022-11-23,251412,4992,50.36,111930
2022-11-24,199225,3161,63.03,94418
2022-11-25,1764735,15879,111.14,535874
2022-11-28,765657,9358,81.82,369879
2022-11-29,302659,5222,57.96,184408
2022-11-30,266287,3537,75.29,113035
2022-12-01,6886433,49559,138.95,1144750
2022-12-02,1551932,21157,73.35,419769
2022-12-05,1434832,16213,88.5,441388
2022-12-06,711135,9814,72.46,218058
2022-12-07,373729,5638,66.29,149393
2022-12-08,526119,5865,89.7,218360
2022-12-09,369656,6520,56.7,170287
2022-12-12,394966,6804,58.05,147416
2022-12-13,700982,8547,82.01,267079
2022-12-14,310229,4641,66.85,144923
2022-12-15,162958,3408,47.82,76047
2022-12-16,340305,5838,58.29,144297
2022-12-19,207614,3872,53.62,87671
2022-12-20,187218,3434,54.52,81565
2022-12-21,417874,6785,61.59,197247
2022-12-22,508758,8776,57.97,211738
2022-12-23,657330,9271,70.9,312600
2022-12-26,607994,8307,73.19,256419
2022-12-27,392544,5399,72.71,141760
2022-12-28,181040,2734,66.22,75026
2022-12-29,234356,3164,74.07,92616
2022-12-30,887950,10179,87.23,240792
2023-01-02,456188,6153,74.14,186392
2023-01-03,271986,4172,65.19,113191
2023-01-04,383924,5523,69.51,123808
2023-01-05,1174382,13302,88.29,323054
2023-01-06,583722,9005,64.82,225196
2023-01-09,603660,7652,78.89,181654
2023-01-10,2310195,25037,92.27,539492
2023-01-11,502860,7672,65.54,128637
2023-01-12,310407,5463,56.82,114458
2023-01-13,218987,3462,63.25,93786
2023-01-16,255433,3576,71.43,101901
2023-01-17,230078,3754,61.29,72176
2023-01-18,955677,11094,86.14,224575
2023-01-19,227406,4242,53.61,82432
2023-01-20,218113,3333,65.44,72172
2023-01-23,212046,3933,53.91,63851
2023-01-24,416908,7083,58.86,208168
2023-01-25,231189,3766,61.39,93902
2023-01-27,297783,5662,52.59,96065
2023-01-30,225845,4560,49.53,70361
2023-01-31,186130,3814,48.8,65151
2023-02-01,269917,4257,63.41,93769
2023-02-02,205846,4239,48.56,56179
2023-02-03,175048,3442,50.86,67687
2023-02-06,122195,2411,50.68,53260
2023-02-07,185767,3187,58.29,72662
2023-02-08,142091,3208,44.29,64439
2023-02-09,268714,4773,56.3,146370
2023-02-10,248914,4323,57.58,151592
2023-02-13,82101,2104,39.02,43820
2023-02-14,97652,1945,50.21,53725
2023-02-15,570298,7856,72.59,257612
2023-02-16,371007,5719,64.87,179592
2023-02-17,191952,2914,65.87,97958
2023-02-20,187253,2985,62.73,89050
2023-02-21,209257,4053,51.63,101510
2023-02-22,153774,2636,58.34,64386
2023-02-23,84634,1516,55.83,43115
2023-02-24,42922,1135,37.82,22445
2023-02-27,164879,3792,43.48,89938
2023-02-28,1144904,13960,82.01,171524
2023-03-01,231413,3398,68.1,87908
2023-03-02,108664,1790,60.71,57405
2023-03-03,164491,2682,61.33,84406
2023-03-06,225093,3414,65.93,117879
2023-03-08,152496,3245,46.99,80607
2023-03-09,92410,1782,51.86,56114
2023-03-10,85111,1979,43.01,41822
2023-03-13,91686,1756,52.21,55805
2023-03-14,112399,2158,52.08,55409
2023-03-15,75405,1557,48.43,37715
2023-03-16,96100,2333,41.19,52827
2023-03-17,63844,1256,50.83,39040
2023-03-20,148931,3201,46.53,76973
2023-03-21,89692,1579,56.8,50458
2023-03-22,61061,1212,50.38,28447
2023-03-23,116210,2360,49.24,56371
2023-03-24,88748,1540,57.63,59851
2023-03-27,172579,3469,49.75,96191
2023-03-28,180206,2788,64.64,112541
2023-03-29,225965,2704,83.57,130508
2023-03-31,305035,4697,64.94,163209
2023-04-03,143275,2292,62.51,72487
2023-04-05,80047,1594,50.22,43319
2023-04-06,59031,1428,41.34,28274
2023-04-10,128053,2606,49.14,63253
2023-04-11,150559,2382,63.21,91875
2023-04-12,82190,2003,41.03,45854
2023-04-13,58899,1327,44.39,31190
2023-04-17,87101,1723,50.55,48016
2023-04-18,203382,3143,64.71,91460
2023-04-19,86938,1447,60.08,49592
2023-04-20,100828,2233,45.15,49290
2023-04-21,77772,1670,46.57,38646
2023-04-24,179981,3106,57.95,94047
2023-04-25,101693,2159,47.1,56840
2023-04-26,117359,2064,56.86,67873
2023-04-27,138986,2555,54.4,67910
2023-04-28,149607,2643,56.6,83924
2023-05-02,215850,3423,63.06,114355
2023-05-03,188035,3326,56.53,96984
2023-05-04,87812,1641,53.51,52962
2023-05-05,99674,1514,65.83,51882
2023-05-08,153604,2932,52.39,69541
2023-05-09,99269,1898,52.3,63082
2023-05-10,1748008,12307,142.03,440072
2023-05-11,248915,3314,75.11,102632
2023-05-12,93213,1288,72.37,60850
2023-05-15,359380,3491,102.94,207469
2023-05-16,294164,3803,77.35,130431
2023-05-17,200380,3035,66.02,103118
2023-05-18,78766,1645,47.88,41066
2023-05-19,157456,2243,70.2,89092
2023-05-22,68795,1273,54.04,38382
